book_id;book_index
15837688;0
6186097;1
6898781;2
29862816;3
15774735;4
13333132;5
18718325;6
6456865;7
35665811;8
23748790;9
36012376;10
7965883;11
28932223;12
18189779;13
9653575;14
9678182;15
23148200;16
18250406;17
20413376;18
15766128;19
23199747;20
25586330;21
31194209;22
16152795;23
12265265;24
15718694;25
32921818;26
25853413;27
4716307;28
15703685;29
18745157;30
31673465;31
10310445;32
16150598;33
18245629;34
28867765;35
13448525;36
32184975;37
20588924;38
36051300;39
13590178;40
26843131;41
26808355;42
26163090;43
11790922;44
18368316;45
35278395;46
28757367;47
8480124;48
13416943;49
13488199;50
9555327;51
18045623;52
29566608;53
33956796;54
7335956;55
17607793;56
18008267;57
1610600;58
22589705;59
34835599;60
6377349;61
28679779;62
21815951;63
13635331;64
30964376;65
31203636;66
1264954;67
20352320;68
30961973;69
32180537;70
18805197;71
23623759;72
22847063;73
22847064;74
28275030;75
33124181;76
33541609;77
6519356;78
8086851;79
18856892;80
29548533;81
15698548;82
27228539;83
18811146;84
34232849;85
35911792;86
26823203;87
30302444;88
28052994;89
35895926;90
19031490;91
1811550;92
25592257;93
19242045;94
6407622;95
17161730;96
9333381;97
13612718;98
34939483;99
5929499;100
27211826;101
6422075;102
35217046;103
25716361;104
6349962;105
9565733;106
29568208;107
28946614;108
36115913;109
10467281;110
11436429;111
21887418;112
35672070;113
22078669;114
16004909;115
11813895;116
7769314;117
7208068;118
17789247;119
33132705;120
23676781;121
19545587;122
26162011;123
25369002;124
18171120;125
4389404;126
33864704;127
25804764;128
27279002;129
20935039;130
21765546;131
36320491;132
36216967;133
36178797;134
26103122;135
5980465;136
17380292;137
8539549;138
17374460;139
16113974;140
15725110;141
35698824;142
32500802;143
15849850;144
16156881;145
11081683;146
11132787;147
16002758;148
20661222;149
18276507;150
7619547;151
20706207;152
18375757;153
30840283;154
17998354;155
34094964;156
22736954;157
18744120;158
35496495;159
28015093;160
6717549;161
29498934;162
20748530;163
2737098;164
10890970;165
13478450;166
8401155;167
30525571;168
22812170;169
13519248;170
6478288;171
16136630;172
10058900;173
33501094;174
13557112;175
17607815;176
16207484;177
34925384;178
4268169;179
12624773;180
7147249;181
20436306;182
26039404;183
9123301;184
7328663;185
35628814;186
13594896;187
17369128;188
28435176;189
12251265;190
16197130;191
26880005;192
15996237;193
32932224;194
26231096;195
33516756;196
1607229;197
29499139;198
6375500;199
17973488;200
16122910;201
33617562;202
16166267;203
28604625;204
28604626;205
13219116;206
6121920;207
33019598;208
10560499;209
1127545;210
34228879;211
25946513;212
17364615;213
25746050;214
22043969;215
34430235;216
29384605;217
33388867;218
10276373;219
6854956;220
22460898;221
35512836;222
10356517;223
22616611;224
16097215;225
33895033;226
23491162;227
23553352;228
17280316;229
15763074;230
14744698;231
18041543;232
13365138;233
11281419;234
35211301;235
22310383;236
15702981;237
9239506;238
23502360;239
6476120;240
20685982;241
23634923;242
18515126;243
7770140;244
16083015;245
18161034;246
28767908;247
35219436;248
7437865;249
18528691;250
17860774;251
31492939;252
13484471;253
14289499;254
13517154;255
17295593;256
25477978;257
23279550;258
6501244;259
3471257;260
10288174;261
10120803;262
34833430;263
34955048;264
29898177;265
36249505;266
6365915;267
30121825;268
7390880;269
16078212;270
6448643;271
23588396;272
28602613;273
22669374;274
12101372;275
30255845;276
9577273;277
13481698;278
18245228;279
2054617;280
35700657;281
2112624;282
15730622;283
31574463;284
26092381;285
33626195;286
28679355;287
26219400;288
20500647;289
1836226;290
28768634;291
5965858;292
24637390;293
11218318;294
31359160;295
9583685;296
16096047;297
22071980;298
29982983;299
17380189;300
15723008;301
34097694;302
7391112;303
29036144;304
18367929;305
12115684;306
6440697;307
31183462;308
14741317;309
7098393;310
15817622;311
18668568;312
25808837;313
15985644;314
22864554;315
25624194;316
33821228;317
30810374;318
28423830;319
12291939;320
33279352;321
35829683;322
29957251;323
13639048;324
28225503;325
36131212;326
35232398;327
18365012;328
23126679;329
34363963;330
15845149;331
59675;332
17934216;333
18344489;334
23291283;335
27855509;336
20318288;337
16159917;338
23494723;339
34939747;340
5936898;341
24017256;342
13555085;343
27793178;344
6473509;345
34467571;346
13577409;347
18248070;348
16128333;349
17618091;350
16098784;351
484466;352
30360685;353
13580603;354
4430031;355
13645939;356
17284884;357
18272287;358
8533093;359
24789367;360
18526243;361
8521299;362
25094323;363
31181140;364
25938825;365
18297578;366
23490109;367
28964760;368
30167709;369
8094527;370
25166530;371
26944749;372
13332970;373
31431825;374
4471943;375
12432047;376
28372201;377
25119890;378
29848378;379
32070032;380
2484198;381
25350737;382
6324554;383
26242107;384
24548096;385
25302427;386
15726225;387
23286514;388
12371055;389
7214537;390
35288565;391
12291800;392
6929451;393
4468180;394
26817801;395
26829136;396
27271404;397
13509795;398
19261108;399
29482132;400
8245017;401
7786345;402
11436164;403
34794304;404
5949649;405
33006323;406
17205181;407
17314557;408
6522254;409
25654988;410
4250201;411
22568876;412
34383370;413
35019275;414
30634297;415
19026705;416
23704696;417
9658254;418
17185162;419
26099571;420
4708796;421
6310374;422
6413998;423
1264957;424
23254182;425
7825934;426
22892877;427
16138188;428
31867020;429
10093007;430
6952576;431
12647460;432
6929500;433
25498005;434
7494578;435
6424249;436
6530628;437
11923605;438
6618374;439
8602867;440
35382413;441
34970696;442
1469116;443
11098444;444
13530348;445
25561004;446
13533104;447
18583459;448
4332195;449
34324284;450
25510661;451
12407338;452
6467686;453
32734217;454
2762129;455
29798955;456
7775279;457
30278797;458
13401625;459
17925596;460
35225331;461
36324691;462
23573378;463
24765526;464
34325747;465
7331092;466
25473746;467
6394954;468
25743613;469
31940397;470
22754372;471
23014184;472
4564391;473
22172013;474
10303825;475
20819255;476
6647704;477
25912782;478
7683425;479
35492038;480
31833448;481
31439407;482
7209755;483
17204545;484
15723306;485
23173085;486
17715748;487
8678871;488
13448872;489
17999446;490
9498870;491
34068828;492
20923119;493
7705353;494
13423696;495
4731818;496
34332035;497
31170807;498
7461932;499
5897981;500
10074010;501
23485908;502
22853170;503
27154129;504
1607266;505
28367718;506
10227193;507
6901747;508
10970611;509
17205859;510
22044197;511
29476380;512
21525387;513
17833994;514
20934549;515
33976754;516
18525104;517
26185677;518
34233550;519
25201212;520
20575986;521
20685587;522
17163154;523
20662341;524
19231894;525
33142376;526
11177347;527
7208492;528
34575494;529
11274277;530
23979492;531
8688907;532
13480423;533
21907980;534
11763838;535
11396371;536
5979539;537
17192339;538
24146370;539
25382513;540
516175;541
7684634;542
31201249;543
34313151;544
29234567;545
30294713;546
10834746;547
10834741;548
11795856;549
26704840;550
28195432;551
35173666;552
3241020;553
17282867;554
32602185;555
28823225;556
28426031;557
2484820;558
8506418;559
3304596;560
17181531;561
20759821;562
27426114;563
9521860;564
18751797;565
29552476;566
9498914;567
15757001;568
10174021;569
25571627;570
20758499;571
18209802;572
25300442;573
23120293;574
17936487;575
27228374;576
26066484;577
32800893;578
22057367;579
8553006;580
17062017;581
13421695;582
10282314;583
30821731;584
34340278;585
15214486;586
1809778;587
18519168;588
6820991;589
6751423;590
6907714;591
6516285;592
34351016;593
33134349;594
18751809;595
17257123;596
20520183;597
19467795;598
3236097;599
16108715;600
2979471;601
13048778;602
32881809;603
23015956;604
29569595;605
26862505;606
18113289;607
29798220;608
36441323;609
25228038;610
22734740;611
2413931;612
11541310;613
32734673;614
24904171;615
6037387;616
28111458;617
23508529;618
4519326;619
33876126;620
8698078;621
12283505;622
25707101;623
22025740;624
34642593;625
11129847;626
27211793;627
5968429;628
6313830;629
13611134;630
18393143;631
16673548;632
20433946;633
29919949;634
32943454;635
20426401;636
6107084;637
22493226;638
30095423;639
35987815;640
9335959;641
13557684;642
13557689;643
31823412;644
6923547;645
16007575;646
23270131;647
23477951;648
4847136;649
23514368;650
9218751;651
22535380;652
33388454;653
22891061;654
22092543;655
18674570;656
13191030;657
12045453;658
1809131;659
12038508;660
25372620;661
7736254;662
34410021;663
32966336;664
34849434;665
6907660;666
30823250;667
22047165;668
34234415;669
18468870;670
6615988;671
29910546;672
17304446;673
15837704;674
27241252;675
26839186;676
10347157;677
23477780;678
21393347;679
1876738;680
23119615;681
12973483;682
29350465;683
34907068;684
7825578;685
6289625;686
26257651;687
16281336;688
5988640;689
17204044;690
15979625;691
29956607;692
13493361;693
439745;694
18308228;695
13489620;696
11233133;697
32867141;698
6589048;699
18250240;700
25017337;701
23475268;702
25181452;703
13237910;704
22033910;705
18807709;706
15818092;707
6452476;708
31707009;709
22028473;710
30121621;711
30253319;712
33300468;713
34841078;714
34841073;715
23264900;716
29145266;717
6475808;718
25884627;719
30965436;720
24580008;721
10770746;722
7665694;723
9466601;724
1459054;725
33832061;726
25064722;727
2054669;728
31365944;729
26025105;730
13255285;731
1126624;732
28525830;733
34427428;734
25025351;735
21856698;736
3133701;737
33790997;738
16148298;739
27405975;740
18751878;741
33622942;742
3369630;743
35227600;744
33593756;745
24861694;746
18141754;747
11127946;748
30238809;749
29077811;750
9062498;751
12564361;752
6477972;753
25781338;754
5982866;755
20622970;756
3013682;757
26236393;758
25193767;759
7702359;760
36349265;761
15746569;762
6929546;763
17826842;764
1811318;765
6557970;766
17449445;767
15846846;768
34657004;769
18456404;770
35072950;771
34554934;772
1841692;773
1841696;774
13555822;775
31673623;776
7888722;777
14060549;778
34532285;779
30834687;780
9657080;781
34843595;782
33864424;783
29386501;784
11372836;785
25308698;786
18248349;787
9408288;788
29218004;789
34519114;790
11741685;791
33246780;792
8309018;793
11523774;794
25970800;795
17714118;796
7227391;797
20567671;798
26704901;799
22553710;800
35613608;801
25240975;802
25395802;803
25228008;804
16050176;805
17189136;806
26013843;807
32492682;808
6548533;809
18110660;810
21794445;811
12000293;812
35647738;813
22589988;814
6105601;815
24023691;816
28575477;817
9626384;818
19360949;819
18075864;820
35261112;821
6647693;822
18455110;823
28258351;824
15938360;825
10388771;826
32070904;827
18362332;828
31194171;829
23448610;830
26162557;831
20617254;832
17342907;833
8104869;834
2622884;835
9656995;836
4389328;837
18074260;838
13373387;839
28002936;840
18593673;841
7058459;842
34519180;843
11394405;844
16120458;845
17663976;846
21526019;847
4286741;848
31328762;849
25249277;850
16284841;851
33967362;852
16069970;853
28398772;854
26514503;855
25829388;856
17227243;857
29966502;858
16073400;859
36278842;860
23306336;861
30347497;862
5965973;863
5965979;864
34918002;865
13422640;866
18686772;867
14759734;868
27999986;869
24200612;870
6898811;871
30187178;872
18773447;873
16035343;874
17303676;875
12857156;876
33960555;877
26219422;878
18242293;879
35502049;880
28264989;881
23120327;882
6514355;883
10891158;884
16055036;885
34846268;886
28055757;887
30900757;888
34107054;889
15732980;890
32813375;891
31181962;892
35139471;893
6961342;894
16107453;895
16247362;896
21849368;897
12299966;898
13145422;899
18333397;900
5225692;901
24792980;902
20645965;903
10830774;904
26053554;905
30846032;906
22713597;907
18754107;908
25768271;909
25436853;910
20986028;911
29558669;912
13359793;913
13536927;914
29496496;915
34873663;916
6651588;917
30345416;918
23483046;919
6475864;920
17887567;921
4389261;922
4389268;923
31833841;924
4466852;925
8271480;926
25401002;927
21421512;928
13337178;929
18618773;930
32995827;931
6109015;932
13413944;933
26870817;934
6132002;935
4388557;936
13494335;937
20567438;938
25676973;939
10262903;940
12317434;941
11700415;942
33812056;943
23603484;944
28065193;945
13486069;946
7484970;947
29436072;948
11498069;949
23603031;950
27557630;951
35139189;952
33805328;953
6612255;954
13044057;955
23487765;956
21896416;957
13484818;958
6021133;959
34723175;960
35148589;961
1875538;962
6562556;963
18756372;964
20687815;965
22449199;966
2471264;967
23167436;968
11741694;969
16131970;970
10262072;971
35341470;972
17181014;973
33114765;974
6272345;975
20990514;976
30066081;977
7937879;978
6746362;979
30006282;980
26476118;981
22438171;982
23269988;983
23269986;984
13309125;985
7888269;986
6772845;987
22808817;988
25864871;989
15766240;990
1824669;991
17200480;992
6393358;993
6564062;994
35072867;995
28462630;996
6751909;997
13502260;998
24484559;999
6367374;1000
18133364;1001
15844857;1002
29468929;1003
33228958;1004
29401433;1005
27241212;1006
25577797;1007
17675517;1008
10772076;1009
10408986;1010
16126953;1011
28477293;1012
4382941;1013
4859191;1014
7692315;1015
18460928;1016
34050974;1017
20616282;1018
8467102;1019
27388368;1020
2106664;1021
12684746;1022
18458315;1023
13278050;1024
12357953;1025
6441023;1026
22251604;1027
30025479;1028
13411331;1029
26839426;1030
68455;1031
68457;1032
68451;1033
68452;1034
68453;1035
68458;1036
8078830;1037
27832716;1038
6184496;1039
11477894;1040
13093777;1041
10128809;1042
20760257;1043
30127961;1044
34236088;1045
17154674;1046
26604004;1047
11993416;1048
22571201;1049
10459638;1050
32311164;1051
24119712;1052
17454577;1053
20417243;1054
22594867;1055
16177722;1056
36216424;1057
10545185;1058
12775668;1059
13086119;1060
17455334;1061
9427000;1062
21853515;1063
8475514;1064
16119227;1065
9297967;1066
6405746;1067
11143420;1068
34229212;1069
36046183;1070
29483157;1071
30170617;1072
6474396;1073
30972270;1074
31246457;1075
34444604;1076
16300847;1077
5956539;1078
25141703;1079
23155897;1080
23640475;1081
6255925;1082
29365131;1083
36439778;1084
12328933;1085
25089968;1086
10076460;1087
13505560;1088
13420367;1089
12101367;1090
34750432;1091
25766260;1092
17374683;1093
7667542;1094
15754192;1095
28275354;1096
25549099;1097
5505453;1098
25039203;1099
7430250;1100
3271062;1101
20935638;1102
15831413;1103
25121177;1104
13335065;1105
17702741;1106
35668583;1107
29928544;1108
17699395;1109
12224852;1110
17411661;1111
8644911;1112
6751634;1113
24598170;1114
9186908;1115
22041416;1116
33627853;1117
23592243;1118
23386335;1119
13422499;1120
35501931;1121
6193120;1122
36209642;1123
9014260;1124
26871291;1125
7231547;1126
29491368;1127
4497764;1128
29065377;1129
29505739;1130
29088031;1131
20914380;1132
28675375;1133
13562650;1134
32905282;1135
26165617;1136
15723521;1137
34910132;1138
10584911;1139
17162601;1140
12407090;1141
35529296;1142
34736502;1143
32600900;1144
29619530;1145
26819921;1146
30225389;1147
17924658;1148
3245018;1149
21531867;1150
6687255;1151
31439253;1152
18518637;1153
7697133;1154
17904360;1155
20320073;1156
11174186;1157
16162639;1158
21522660;1159
34097400;1160
22735810;1161
13579841;1162
12837306;1163
34676609;1164
13050670;1165
32193175;1166
24911979;1167
22078462;1168
11200031;1169
26092796;1170
3888756;1171
12275643;1172
7460469;1173
9681519;1174
13072265;1175
7000567;1176
34761182;1177
34877114;1178
9123396;1179
29603306;1180
25498179;1181
6625653;1182
11228677;1183
3543790;1184
25210131;1185
27263459;1186
17236217;1187
12171199;1188
15723787;1189
23558819;1190
18876944;1191
12577693;1192
16096224;1193
15994994;1194
34850032;1195
17449449;1196
6998036;1197
32792645;1198
13189986;1199
10770970;1200
15815972;1201
23687064;1202
35076025;1203
13233930;1204
22654599;1205
15852916;1206
4789614;1207
12979831;1208
22557650;1209
6940235;1210
29217793;1211
32572089;1212
10027945;1213
18957947;1214
12351993;1215
28956487;1216
26074014;1217
12486172;1218
36144304;1219
13595935;1220
17670501;1221
23448363;1222
25425398;1223
29737287;1224
24842649;1225
32473388;1226
24344144;1227
19203253;1228
22014309;1229
35406459;1230
28112831;1231
29541641;1232
32805548;1233
30302414;1234
25532195;1235
35270735;1236
30185749;1237
23561575;1238
30238898;1239
18042139;1240
32998185;1241
22402482;1242
28210894;1243
33394488;1244
34886961;1245
6894344;1246
9673485;1247
25809288;1248
6557545;1249
21896971;1250
5230402;1251
35502029;1252
18690663;1253
11317128;1254
22494356;1255
29629113;1256
12109380;1257
21901373;1258
28194928;1259
13639738;1260
6473496;1261
6473490;1262
34104058;1263
6306854;1264
36234203;1265
29562462;1266
16139399;1267
17209645;1268
25707646;1269
25849284;1270
28009720;1271
6440845;1272
17255642;1273
19003767;1274
27279994;1275
35793064;1276
36104883;1277
21937440;1278
31434850;1279
5936857;1280
26151137;1281
2622806;1282
13599600;1283
33142139;1284
3454392;1285
15774763;1286
7506352;1287
23592414;1288
3236177;1289
11377892;1290
26837066;1291
19267446;1292
33851670;1293
17567329;1294
15732972;1295
28404955;1296
22573150;1297
36066935;1298
6751636;1299
9548622;1300
8188507;1301
10419958;1302
18685513;1303
34503902;1304
32966514;1305
11796471;1306
6430456;1307
6944348;1308
22852808;1309
9472652;1310
3607932;1311
35432446;1312
18689135;1313
16179419;1314
25378188;1315
18517512;1316
13448214;1317
32940145;1318
18802633;1319
29055984;1320
36109146;1321
13444860;1322
35910095;1323
35179651;1324
17179400;1325
17840152;1326
31145826;1327
9737608;1328
26790077;1329
18486574;1330
3214762;1331
7211173;1332
34038105;1333
23451877;1334
16110606;1335
22917005;1336
30073499;1337
22023261;1338
23125539;1339
28362991;1340
28458276;1341
4587216;1342
16180066;1343
5978523;1344
11365910;1345
22874565;1346
28731992;1347
12647608;1348
18745997;1349
19018991;1350
23716449;1351
18712296;1352
8230867;1353
6811525;1354
18403091;1355
28272302;1356
17314572;1357
30632995;1358
13380565;1359
32324403;1360
27377007;1361
4587269;1362
13516211;1363
25687153;1364
33882741;1365
35497465;1366
29616024;1367
7696436;1368
29468134;1369
16109596;1370
33642119;1371
33890940;1372
5048528;1373
17257653;1374
17859863;1375
5979499;1376
6405794;1377
9666416;1378
21538302;1379
16040007;1380
35999153;1381
18685325;1382
7631356;1383
36157818;1384
24993241;1385
12535476;1386
16001467;1387
22740581;1388
30121457;1389
26055841;1390
2189373;1391
11276365;1392
23290934;1393
9786575;1394
29355170;1395
20637525;1396
35018989;1397
31866414;1398
13584042;1399
24851515;1400
21479222;1401
13639051;1402
32878678;1403
18454093;1404
8575158;1405
12990012;1406
23255599;1407
13306552;1408
13637442;1409
13367861;1410
13537168;1411
16039796;1412
12548421;1413
32494842;1414
34097103;1415
23354330;1416
20873300;1417
21460185;1418
7701317;1419
20935063;1420
31416819;1421
34444612;1422
12618249;1423
34834893;1424
17226831;1425
30295373;1426
17699490;1427
18490026;1428
31539697;1429
30225648;1430
25077156;1431
7514930;1432
34094904;1433
8688813;1434
22521664;1435
26213239;1436
2156428;1437
6366325;1438
15777462;1439
23253681;1440
1607279;1441
25814898;1442
29079895;1443
23007820;1444
25835704;1445
35125614;1446
15790771;1447
26874650;1448
29629477;1449
23509102;1450
15767468;1451
21421867;1452
22888194;1453
32192073;1454
31125867;1455
33231825;1456
25205053;1457
12735171;1458
6444397;1459
22432990;1460
29939719;1461
15796475;1462
8615797;1463
18780940;1464
32736040;1465
22948412;1466
36341265;1467
32198651;1468
35173151;1469
29437455;1470
10594758;1471
7331172;1472
31557632;1473
33878244;1474
21479741;1475
15777364;1476
17702577;1477
15748255;1478
33978514;1479
23690224;1480
12341396;1481
4553833;1482
35122673;1483
25425898;1484
12995243;1485
8547693;1486
36247317;1487
35279911;1488
23511412;1489
24417983;1490
28665129;1491
28531091;1492
28466702;1493
25938204;1494
36109519;1495
22182088;1496
13601337;1497
9777688;1498
15724016;1499
13379257;1500
24549506;1501
9739468;1502
36026502;1503
6672791;1504
23863919;1505
13365584;1506
33297936;1507
28823264;1508
34095082;1509
12727283;1510
18074396;1511
23725136;1512
23606595;1513
6476128;1514
29353246;1515
32047772;1516
34701292;1517
30038538;1518
13367309;1519
17255502;1520
18110489;1521
8349578;1522
22044413;1523
16173393;1524
34812686;1525
33971578;1526
13111326;1527
17405951;1528
13076830;1529
7760413;1530
5941193;1531
28805019;1532
22598926;1533
23349488;1534
12638165;1535
14739800;1536
18399736;1537
23567836;1538
12376532;1539
16046439;1540
9303907;1541
1815856;1542
34108190;1543
17266130;1544
12125498;1545
27774892;1546
34538504;1547
30168021;1548
22068226;1549
21490610;1550
33397189;1551
28110423;1552
1128237;1553
13647458;1554
18749540;1555
8170474;1556
22465234;1557
17676079;1558
6899052;1559
4598676;1560
10024463;1561
18362370;1562
6251040;1563
31343964;1564
17377646;1565
17303975;1566
8558217;1567
27137684;1568
13184186;1569
16172457;1570
27396422;1571
28764260;1572
15754155;1573
34235937;1574
15713739;1575
5978790;1576
35779199;1577
28960674;1578
23869132;1579
6349891;1580
33783737;1581
25799660;1582
23592346;1583
20634698;1584
1869622;1585
9533452;1586
13419216;1587
28232093;1588
24913290;1589
16157632;1590
18043719;1591
30414845;1592
4516838;1593
29081528;1594
26005300;1595
18624020;1596
26669054;1597
6459570;1598
15774720;1599
10802354;1600
15713280;1601
23744255;1602
34321848;1603
26812739;1604
34830268;1605
13606256;1606
6907689;1607
18397377;1608
33982484;1609
22568662;1610
24921128;1611
15732932;1612
8777031;1613
34486665;1614
21894994;1615
16044258;1616
1571416;1617
17257440;1618
6100260;1619
10772504;1620
25124981;1621
6452342;1622
25042314;1623
13609118;1624
34114198;1625
6467187;1626
4502369;1627
24979236;1628
13086589;1629
25632192;1630
18620798;1631
8861311;1632
28670055;1633
17828935;1634
6430142;1635
20896391;1636
18453821;1637
17060508;1638
33959400;1639
32936760;1640
12669892;1641
23470771;1642
17403879;1643
27856109;1644
11413487;1645
17738023;1646
15940932;1647
31693621;1648
33664883;1649
33129423;1650
31201193;1651
3221687;1652
25574238;1653
1809179;1654
25420703;1655
17856074;1656
26115519;1657
23606799;1658
18040615;1659
22309912;1660
10398426;1661
16234231;1662
7538197;1663
12554172;1664
25060769;1665
28512856;1666
17252027;1667
6619720;1668
18517558;1669
23860984;1670
30282467;1671
17795874;1672
16033939;1673
29200263;1674
23045682;1675
29558600;1676
33955284;1677
25971657;1678
18106536;1679
13456165;1680
5637427;1681
35672057;1682
36264493;1683
21471556;1684
12958622;1685
24512962;1686
31393933;1687
25419600;1688
11434871;1689
6202594;1690
15763641;1691
27812180;1692
6386673;1693
13036026;1694
33284419;1695
21941927;1696
27812884;1697
18466155;1698
26875925;1699
10657933;1700
6475796;1701
7593969;1702
5977802;1703
30066555;1704
33656967;1705
13480728;1706
17373260;1707
18803073;1708
14760007;1709
29454531;1710
13633499;1711
6588318;1712
30089320;1713
31816937;1714
35991525;1715
2699397;1716
6476594;1717
19549219;1718
9399032;1719
30987256;1720
10283267;1721
11154023;1722
17213537;1723
25364660;1724
28939374;1725
18598095;1726
7556112;1727
18462735;1728
26565505;1729
20744320;1730
18075421;1731
18630625;1732
29902222;1733
13555285;1734
23312598;1735
7636302;1736
6898590;1737
35015737;1738
11951742;1739
12511287;1740
17412257;1741
32060680;1742
13068559;1743
13425274;1744
25665097;1745
22920735;1746
24232934;1747
8046994;1748
21478986;1749
23205470;1750
23125418;1751
26179526;1752
35899708;1753
23198371;1754
13597906;1755
28680985;1756
18741160;1757
28808316;1758
24714886;1759
11953603;1760
17201102;1761
12357362;1762
23337592;1763
13414143;1764
17973637;1765
6480832;1766
22757873;1767
10350139;1768
12986338;1769
8196535;1770
6627623;1771
18108323;1772
11486374;1773
9646028;1774
8602003;1775
25506720;1776
6856634;1777
17205270;1778
18109757;1779
25450633;1780
17339601;1781
34500748;1782
15852552;1783
25320812;1784
12412368;1785
23263939;1786
20799399;1787
31380438;1788
28808808;1789
22819695;1790
11105066;1791
17240354;1792
28576096;1793
12742923;1794
12232266;1795
10330211;1796
8177523;1797
7761787;1798
28580497;1799
30353333;1800
30084002;1801
13412237;1802
32613454;1803
9253814;1804
34427354;1805
15743634;1806
36008035;1807
31680004;1808
26823894;1809
2225949;1810
32594553;1811
20611466;1812
12217684;1813
27026165;1814
29424631;1815
6375511;1816
7941880;1817
9657330;1818
26177721;1819
10027895;1820
22854787;1821
6976299;1822
30356419;1823
34382319;1824
29917721;1825
13093717;1826
7799410;1827
36222255;1828
22245121;1829
28676663;1830
21457795;1831
18743562;1832
18397003;1833
34741355;1834
30126481;1835
30816041;1836
31351102;1837
29220327;1838
18338962;1839
11845696;1840
17882730;1841
33791038;1842
12529197;1843
9282047;1844
6384137;1845
29076740;1846
31452951;1847
24872344;1848
18743385;1849
26535324;1850
3329296;1851
25981511;1852
13071453;1853
122494;1854
25997176;1855
18136766;1856
18298711;1857
34145717;1858
11149867;1859
12683954;1860
17371440;1861
4130434;1862
31913583;1863
18856730;1864
22038376;1865
17205280;1866
6739563;1867
4409520;1868
15754201;1869
34858463;1870
32876683;1871
8073494;1872
22071531;1873
29768979;1874
10834823;1875
31943585;1876
33634745;1877
13665016;1878
6358219;1879
18159109;1880
32875592;1881
23595726;1882
11711772;1883
13595803;1884
12639988;1885
13602760;1886
15782841;1887
6414977;1888
27254946;1889
30510391;1890
13537290;1891
18194152;1892
10370645;1893
32329051;1894
28526285;1895
32498778;1896
18362007;1897
18172094;1898
16117200;1899
21813459;1900
23276238;1901
32023751;1902
20698030;1903
30331615;1904
32992030;1905
18429733;1906
28543319;1907
8968960;1908
3338449;1909
9674189;1910
10408232;1911
7712798;1912
5750026;1913
17826891;1914
25294329;1915
20726746;1916
18133896;1917
7869795;1918
29626346;1919
16126929;1920
17189385;1921
11128761;1922
17451624;1923
26159219;1924
24428662;1925
23686938;1926
12423872;1927
13244001;1928
23448549;1929
33142020;1930
6440860;1931
8580755;1932
7887609;1933
17184683;1934
32706891;1935
18744114;1936
18744116;1937
12200337;1938
25799617;1939
22968794;1940
30362650;1941
27156796;1942
13496288;1943
13635492;1944
22796497;1945
26808346;1946
32194793;1947
29747319;1948
13634643;1949
11303084;1950
34201328;1951
34866590;1952
26869933;1953
35501953;1954
28463536;1955
31200075;1956
18717295;1957
34676549;1958
6085450;1959
6999022;1960
7385366;1961
29862525;1962
27885411;1963
22047131;1964
23950048;1965
7171418;1966
24829787;1967
22041072;1968
2752746;1969
22714999;1970
6530934;1971
9966705;1972
8094535;1973
3259011;1974
17671787;1975
7325132;1976
31348598;1977
5927099;1978
6402779;1979
12242022;1980
1809428;1981
22836377;1982
22578536;1983
16046230;1984
6371750;1985
35923774;1986
22432690;1987
16112194;1988
25130915;1989
18244750;1990
25423647;1991
32878407;1992
12507631;1993
11082317;1994
6589013;1995
6589010;1996
16217496;1997
13034379;1998
9567436;1999
23429492;2000
5941202;2001
5941208;2002
6121758;2003
8048026;2004
7571344;2005
18760525;2006
7825910;2007
22102365;2008
1718297;2009
1718295;2010
33806972;2011
17365179;2012
22033944;2013
26310654;2014
29065777;2015
9293701;2016
22610066;2017
19029124;2018
13044298;2019
18142873;2020
34483878;2021
15999097;2022
22757172;2023
6177371;2024
36192058;2025
33278852;2026
7154355;2027
16045433;2028
13003324;2029
20261924;2030
28328457;2031
30817661;2032
5955231;2033
25346195;2034
18461820;2035
28117085;2036
10011530;2037
33029042;2038
15834531;2039
32200592;2040
25532463;2041
18461368;2042
18461360;2043
36379563;2044
10858714;2045
25130066;2046
18406901;2047
9527601;2048
9548690;2049
32932942;2050
35439861;2051
35567461;2052
17409277;2053
16240352;2054
34090937;2055
33521181;2056
33148058;2057
32027196;2058
6310362;2059
6122179;2060
29564902;2061
18661606;2062
2448352;2063
29481953;2064
33137211;2065
25067674;2066
2736310;2067
2736313;2068
3112940;2069
13561714;2070
7988883;2071
23497254;2072
9589854;2073
30730773;2074
15699267;2075
8539598;2076
12041738;2077
34749847;2078
17671556;2079
4460026;2080
17342895;2081
19067965;2082
24674917;2083
6493921;2084
25694364;2085
32610475;2086
17282959;2087
34863185;2088
17618193;2089
23459723;2090
28079325;2091
28591250;2092
32053263;2093
11741653;2094
29343150;2095
25320851;2096
17909971;2097
36073500;2098
13494987;2099
33831907;2100
7825397;2101
35145116;2102
25431099;2103
25869657;2104
17289297;2105
26851594;2106
32969303;2107
34311859;2108
13409248;2109
24177800;2110
20765595;2111
32669707;2112
25756972;2113
21405179;2114
1894341;2115
16164234;2116
25250599;2117
17207602;2118
20578004;2119
6006211;2120
11351938;2121
11132887;2122
18468408;2123
6751393;2124
23179334;2125
31678744;2126
2429069;2127
23430720;2128
35785507;2129
28919767;2130
33290335;2131
13316791;2132
15705882;2133
35659061;2134
7870438;2135
29491455;2136
7954906;2137
4389357;2138
7122233;2139
13219819;2140
34100673;2141
23261009;2142
18720770;2143
28501883;2144
34686548;2145
35228596;2146
23506227;2147
26231131;2148
4355685;2149
20662379;2150
33639434;2151
8296696;2152
2283458;2153
20706555;2154
15983521;2155
8205290;2156
17976137;2157
23509082;2158
15996392;2159
34198943;2160
22882113;2161
2771565;2162
12449122;2163
25866469;2164
11335700;2165
12214555;2166
2351997;2167
9537334;2168
15761462;2169
3304580;2170
22022550;2171
6496255;2172
13456971;2173
35508441;2174
10994518;2175
18751788;2176
12684115;2177
8166552;2178
28097358;2179
9737513;2180
8119554;2181
11795123;2182
28168723;2183
21455086;2184
34686814;2185
26242288;2186
17258852;2187
1966375;2188
11801985;2189
31129529;2190
6184504;2191
18744079;2192
35114711;2193
34876372;2194
18631038;2195
25830126;2196
1817067;2197
10494521;2198
18584966;2199
15702145;2200
13457795;2201
18000386;2202
13629672;2203
7670638;2204
15745365;2205
6367116;2206
33545632;2207
13409975;2208
32500577;2209
7952436;2210
29283297;2211
33957104;2212
12185356;2213
8536709;2214
17876702;2215
18751817;2216
19063478;2217
15705893;2218
21566217;2219
7948338;2220
17695484;2221
33237903;2222
16204256;2223
13083228;2224
12709798;2225
29875283;2226
12527834;2227
26857940;2228
29491661;2229
9364645;2230
34606495;2231
22472634;2232
31684500;2233
18712291;2234
13512133;2235
34438355;2236
8675612;2237
8100529;2238
21461847;2239
18587395;2240
22822482;2241
22550137;2242
31836675;2243
18492336;2244
10156879;2245
7770074;2246
22889308;2247
4574935;2248
18453158;2249
32881343;2250
28505238;2251
1811560;2252
13541564;2253
22797357;2254
36056113;2255
23297300;2256
21901105;2257
13581587;2258
1875585;2259
2737068;2260
2737060;2261
31693715;2262
2231871;2263
20169644;2264
11352058;2265
17191798;2266
13005823;2267
32705264;2268
4497737;2269
34839843;2270
25371676;2271
12873333;2272
1718598;2273
23483336;2274
17616021;2275
35999810;2276
34013627;2277
33984828;2278
18240494;2279
34747530;2280
24029451;2281
18342705;2282
24548839;2283
6898054;2284
28398887;2285
35529302;2286
6396069;2287
18373039;2288
2249509;2289
16240491;2290
13512256;2291
13449334;2292
9461298;2293
18743651;2294
15837736;2295
9753180;2296
34531619;2297
26516749;2298
34631853;2299
13100066;2300
727095;2301
25692648;2302
28004076;2303
19063489;2304
22747150;2305
24977243;2306
18688870;2307
35831406;2308
21875730;2309
12252420;2310
22044870;2311
32075626;2312
13646007;2313
21561055;2314
18713933;2315
6589055;2316
23157608;2317
1836571;2318
21489236;2319
22462125;2320
17187480;2321
34662405;2322
2064078;2323
6452462;2324
6452466;2325
16078150;2326
31348093;2327
26199469;2328
32574913;2329
35519023;2330
16079167;2331
3046931;2332
27396069;2333
18659756;2334
29741790;2335
31144324;2336
33871844;2337
29996867;2338
6373560;2339
25525313;2340
31538451;2341
28013956;2342
36182553;2343
34032856;2344
13608625;2345
18333319;2346
34819339;2347
23357857;2348
9516829;2349
6908925;2350
28454426;2351
3543560;2352
9607991;2353
2747208;2354
20323032;2355
16158723;2356
10696913;2357
10891143;2358
18711876;2359
13082650;2360
13479624;2361
24851942;2362
25969542;2363
12947559;2364
25300694;2365
15830965;2366
19234533;2367
13420310;2368
17452627;2369
29386434;2370
23679037;2371
8615802;2372
30174010;2373
12647430;2374
22081443;2375
25314972;2376
2763672;2377
35002875;2378
20617253;2379
22318891;2380
7887446;2381
12965991;2382
35377744;2383
34876657;2384
10859958;2385
7888736;2386
24625695;2387
12865238;2388
34564693;2389
5637094;2390
35491112;2391
30121532;2392
9429121;2393
35068921;2394
25269766;2395
18748511;2396
34729493;2397
17924163;2398
13555272;2399
25130947;2400
23354383;2401
13628142;2402
20436933;2403
13492419;2404
11420030;2405
17227254;2406
32504901;2407
10474835;2408
11707180;2409
7354160;2410
28218568;2411
25988907;2412
31327005;2413
21533385;2414
28160750;2415
17672193;2416
23156169;2417
9576467;2418
34531412;2419
339971;2420
9375782;2421
19545212;2422
6758064;2423
34036461;2424
23569439;2425
32079398;2426
7704453;2427
18075555;2428
34940161;2429
16191974;2430
22048059;2431
18045178;2432
30640297;2433
34167922;2434
23129488;2435
12183264;2436
18047590;2437
10494426;2438
14759643;2439
1610544;2440
2622893;2441
22911572;2442
13478133;2443
17154893;2444
34120061;2445
25381262;2446
10229696;2447
26121309;2448
35382344;2449
13537668;2450
23429304;2451
21526025;2452
6528061;2453
28426011;2454
8639977;2455
31202282;2456
31345653;2457
31190177;2458
22702177;2459
31678652;2460
7674752;2461
30540878;2462
12370814;2463
6240950;2464
35493089;2465
1720439;2466
10540773;2467
10771996;2468
34218064;2469
13452468;2470
29440139;2471
3684496;2472
33299049;2473
22702901;2474
27423323;2475
28496048;2476
16109480;2477
30166922;2478
29603370;2479
35559146;2480
9226439;2481
27840436;2482
18943673;2483
16108756;2484
18656730;2485
22923307;2486
24926296;2487
20655828;2488
28496086;2489
30496682;2490
15845926;2491
24442413;2492
6707571;2493
6707570;2494
11857889;2495
25268122;2496
23447068;2497
8682844;2498
11805184;2499
35519231;2500
12577626;2501
20424794;2502
31177180;2503
35618929;2504
26039577;2505
28602200;2506
29222982;2507
29919810;2508
18759261;2509
36266272;2510
20342996;2511
33672270;2512
17449716;2513
8427825;2514
31327696;2515
664239;2516
20814328;2517
12415438;2518
10219607;2519
29511786;2520
12935287;2521
33388981;2522
7639591;2523
30212110;2524
6375430;2525
22616949;2526
22616940;2527
10956149;2528
28462726;2529
22071326;2530
5936903;2531
6395080;2532
6186115;2533
12750315;2534
1878026;2535
13410380;2536
18248673;2537
33020121;2538
22743618;2539
6138561;2540
28468472;2541
18336374;2542
25310293;2543
23394619;2544
7494959;2545
16163438;2546
13358126;2547
23163544;2548
7669863;2549
6682243;2550
36145742;2551
22052275;2552
31456032;2553
32992673;2554
35621703;2555
23510852;2556
13580647;2557
23507943;2558
35819674;2559
17608164;2560
16042000;2561
29505588;2562
6328405;2563
23172003;2564
27272898;2565
6363056;2566
13601285;2567
29864456;2568
25678204;2569
25804418;2570
25653216;2571
23005177;2572
1127623;2573
6940241;2574
36192283;2575
20648062;2576
18329374;2577
30619405;2578
13499437;2579
21810708;2580
6535300;2581
13399283;2582
29867666;2583
25104077;2584
11280823;2585
30180684;2586
6618331;2587
17186439;2588
18876889;2589
12465782;2590
6294783;2591
35445746;2592
10000781;2593
15767047;2594
18460975;2595
10534093;2596
23515648;2597
17838889;2598
24994733;2599
18714223;2600
25761126;2601
26860794;2602
6441117;2603
36103240;2604
8087354;2605
1607302;2606
11545463;2607
4283148;2608
18462214;2609
35680286;2610
25194408;2611
15845263;2612
10857143;2613
13137962;2614
6283928;2615
11143663;2616
29468685;2617
20754875;2618
30167797;2619
17787900;2620
18339537;2621
35842605;2622
15810832;2623
23119988;2624
6516190;2625
22491161;2626
6951751;2627
17371682;2628
12709237;2629
32821243;2630
27274043;2631
34199881;2632
11413006;2633
12647834;2634
17303874;2635
31817750;2636
28195863;2637
23289773;2638
26929867;2639
6011752;2640
18481111;2641
32323842;2642
7432451;2643
26141619;2644
28590780;2645
13502458;2646
35212607;2647
15770319;2648
35006437;2649
1876747;2650
35570759;2651
29565109;2652
30167957;2653
28679540;2654
1718277;2655
35581678;2656
15768454;2657
25511900;2658
18018532;2659
25687221;2660
30600650;2661
21938170;2662
2094677;2663
36158763;2664
15850923;2665
33768295;2666
18736556;2667
33138342;2668
34834217;2669
11356623;2670
1128437;2671
35426790;2672
1892599;2673
21489481;2674
4409166;2675
1065590;2676
17909742;2677
25268291;2678
7895963;2679
32792435;2680
17926559;2681
25607475;2682
4447323;2683
24709747;2684
22597781;2685
6085439;2686
16029368;2687
9682506;2688
31540274;2689
29199851;2690
12598723;2691
6515918;2692
16110270;2693
2714425;2694
16120163;2695
18049851;2696
14759061;2697
20436536;2698
9396826;2699
21531889;2700
18751824;2701
17884358;2702
2775178;2703
25521976;2704
29616889;2705
17203825;2706
10994590;2707
26880492;2708
20661290;2709
17876258;2710
10474691;2711
18052463;2712
19401082;2713
26171187;2714
2024533;2715
17733600;2716
6361323;2717
17332816;2718
6639708;2719
12669596;2720
6475756;2721
5979622;2722
34519145;2723
10950739;2724
16279855;2725
1905106;2726
22584414;2727
32931754;2728
11430575;2729
29505126;2730
25483798;2731
4428533;2732
25597685;2733
15845940;2734
25548015;2735
34665522;2736
25225267;2737
16108999;2738
23654642;2739
24307542;2740
7103413;2741
21434590;2742
17877851;2743
25919262;2744
28505473;2745
6442943;2746
11064113;2747
1127800;2748
35405447;2749
18802713;2750
31439137;2751
1812654;2752
17383457;2753
23215445;2754
6313527;2755
16001599;2756
32879136;2757
13346576;2758
28665071;2759
9646095;2760
1810036;2761
23342906;2762
30288397;2763
17837635;2764
12465764;2765
6740334;2766
1875641;2767
2373909;2768
16109056;2769
22533417;2770
11461134;2771
31678619;2772
7208408;2773
17612510;2774
20748389;2775
7810777;2776
35529899;2777
25228057;2778
1876528;2779
8521307;2780
29353459;2781
35530839;2782
18712280;2783
25568647;2784
36180335;2785
13493488;2786
6543881;2787
31324473;2788
16126989;2789
25939645;2790
16089094;2791
24921508;2792
22837985;2793
13085233;2794
13006750;2795
34313168;2796
33746131;2797
17454660;2798
6499636;2799
13081145;2800
15990819;2801
21532618;2802
28668591;2803
2320009;2804
13145474;2805
22135496;2806
13008100;2807
12835165;2808
8605995;2809
36047491;2810
773788;2811
13257168;2812
22028524;2813
22451718;2814
25186629;2815
31558465;2816
20409860;2817
25593494;2818
12751140;2819
26238312;2820
9919563;2821
21897051;2822
16067974;2823
8525139;2824
19241040;2825
23574056;2826
33972007;2827
16151881;2828
11082122;2829
28551709;2830
30055274;2831
15777888;2832
4279776;2833
24014755;2834
24274926;2835
6682624;2836
13600722;2837
14622245;2838
13108825;2839
20930778;2840
23166284;2841
33216519;2842
32283511;2843
13519470;2844
32496138;2845
34531378;2846
11729573;2847
5867660;2848
13647482;2849
11335682;2850
33151984;2851
9567260;2852
16207832;2853
6522386;2854
35018936;2855
4586734;2856
18075431;2857
30199004;2858
32667171;2859
19068618;2860
34993319;2861
11106270;2862
10754132;2863
13422657;2864
35546483;2865
29540149;2866
35377600;2867
26123024;2868
24323231;2869
20348454;2870
29920473;2871
18215789;2872
34479750;2873
6225425;2874
27281086;2875
9186592;2876
7196269;2877
34876458;2878
33979233;2879
32468643;2880
32499927;2881
24864223;2882
23449967;2883
28675740;2884
3945314;2885
7464345;2886
34876474;2887
13551966;2888
18276363;2889
23478665;2890
25085518;2891
28385574;2892
22927192;2893
12999956;2894
31678016;2895
7203215;2896
26091774;2897
7208602;2898
30982036;2899
29638437;2900
12256367;2901
34832775;2902
34642615;2903
22677888;2904
25742967;2905
35580772;2906
17703105;2907
16125282;2908
20486822;2909
10836642;2910
16046978;2911
2151148;2912
22392854;2913
32180431;2914
8254476;2915
29779842;2916
29408966;2917
6092707;2918
18685505;2919
10792079;2920
7494675;2921
25175109;2922
19545615;2923
10415282;2924
2451468;2925
17900757;2926
22035917;2927
16049575;2928
10399559;2929
7222057;2930
17936150;2931
12824430;2932
29606300;2933
12684797;2934
28673236;2935
9893393;2936
29626624;2937
4356627;2938
8828867;2939
29867533;2940
4471117;2941
15768160;2942
18040061;2943
8422879;2944
9421299;2945
22010588;2946
18484077;2947
34211476;2948
30986772;2949
13615264;2950
28210567;2951
18039032;2952
29337561;2953
17623261;2954
22331666;2955
4389127;2956
13095173;2957
22875429;2958
7999736;2959
3304619;2960
5977680;2961
8031363;2962
16071374;2963
31425680;2964
25236966;2965
7940087;2966
13392463;2967
26399957;2968
27836546;2969
24303692;2970
10772628;2971
29034120;2972
25522214;2973
18069567;2974
27830938;2975
4604118;2976
4438431;2977
13616223;2978
4745571;2979
30832380;2980
23172506;2981
8652755;2982
27917808;2983
12742928;2984
15730129;2985
14409982;2986
30836861;2987
18375875;2988
30323582;2989
9998670;2990
36211855;2991
18403173;2992
29920878;2993
16094414;2994
32812998;2995
35183591;2996
24675228;2997
2703644;2998
28456389;2999
5227105;3000
12641279;3001
6416238;3002
36238262;3003
9667667;3004
2189360;3005
11261317;3006
5505402;3007
20797890;3008
6622306;3009
20192587;3010
29982709;3011
18072354;3012
3694612;3013
28576115;3014
10188809;3015
23114635;3016
16101476;3017
6724174;3018
25321468;3019
10122182;3020
10747009;3021
34531046;3022
5897916;3023
6516132;3024
16878851;3025
25466913;3026
2112616;3027
9555228;3028
35299958;3029
7696246;3030
15998352;3031
18399823;3032
18399820;3033
13254260;3034
24148540;3035
24924940;3036
20935055;3037
32053781;3038
18720551;3039
26631378;3040
22663754;3041
31428211;3042
25582902;3043
33839758;3044
3909576;3045
17607565;3046
28429851;3047
14625316;3048
32920832;3049
18748411;3050
13576174;3051
35166948;3052
29920252;3053
6366332;3054
12640978;3055
25200491;3056
12300782;3057
20839308;3058
33255598;3059
6349779;3060
32707749;3061
29750507;3062
24014692;3063
23752540;3064
18399099;3065
17259686;3066
17797795;3067
25105548;3068
34848947;3069
12808077;3070
18523949;3071
32179592;3072
25120612;3073
34447596;3074
12722257;3075
6692812;3076
31277918;3077
3459432;3078
20618962;3079
2448341;3080
17930349;3081
20660586;3082
18624252;3083
16075052;3084
33132323;3085
25132878;3086
7825480;3087
32596765;3088
10223126;3089
1728258;3090
9286283;3091
23157555;3092
32253884;3093
18140702;3094
17796774;3095
16067409;3096
25315073;3097
22438964;3098
16074511;3099
28526516;3100
32734769;3101
13597216;3102
31378224;3103
6479567;3104
12407600;3105
30415116;3106
21800477;3107
23007622;3108
3289701;3109
36103538;3110
7948420;3111
15716375;3112
22291043;3113
17737271;3114
21997978;3115
30168423;3116
29489460;3117
33153439;3118
28429130;3119
16171758;3120
31348041;3121
7725694;3122
16681208;3123
24734126;3124
21900616;3125
27982355;3126
25762384;3127
25153870;3128
34394017;3129
16148176;3130
29865346;3131
30114844;3132
15726181;3133
17164342;3134
10424118;3135
28482270;3136
17735604;3137
1810115;3138
31381148;3139
2448345;3140
18074389;3141
5965990;3142
33029141;3143
26065078;3144
25327828;3145
8663077;3146
2669926;3147
12729635;3148
17226193;3149
23249471;3150
5996244;3151
12063829;3152
23111731;3153
10288569;3154
22699522;3155
32572364;3156
1892603;3157
8015244;3158
7324398;3159
28590979;3160
31838649;3161
34602219;3162
26001501;3163
32994902;3164
10971476;3165
24932701;3166
32053492;3167
3112939;3168
22443248;3169
9566819;3170
30521212;3171
24940791;3172
17375543;3173
35602940;3174
2092586;3175
1607380;3176
1607385;3177
23295814;3178
11184426;3179
24869163;3180
9707403;3181
8697890;3182
24198396;3183
36226778;3184
9657328;3185
23451067;3186
18887404;3187
9282057;3188
10842610;3189
35785640;3190
24495023;3191
35126291;3192
23473421;3193
32454983;3194
6437967;3195
18085595;3196
20626274;3197
21522959;3198
33399648;3199
25439427;3200
18307165;3201
20627069;3202
15742690;3203
13505259;3204
26863559;3205
30644729;3206
6516336;3207
29378292;3208
33113660;3209
1904843;3210
20441966;3211
18624055;3212
15702821;3213
18517446;3214
15721819;3215
20776179;3216
7029321;3217
13416044;3218
23500153;3219
25914673;3220
12889537;3221
25141296;3222
28670191;3223
6487001;3224
25087909;3225
35556498;3226
7940095;3227
17612079;3228
27390267;3229
31673265;3230
13616326;3231
4214873;3232
29070100;3233
6616050;3234
11678980;3235
15847775;3236
16030796;3237
26080216;3238
28960258;3239
15710523;3240
20876176;3241
36151787;3242
29527118;3243
16049742;3244
29552330;3245
25022652;3246
27281767;3247
13156651;3248
13583775;3249
23593485;3250
9142532;3251
13495483;3252
23516935;3253
34382745;3254
13504641;3255
11143782;3256
17157617;3257
10227064;3258
25794698;3259
32378989;3260
13389222;3261
33626252;3262
34491452;3263
31940211;3264
2471727;3265
3214755;3266
22431020;3267
24673853;3268
22747142;3269
25610182;3270
2162261;3271
24955045;3272
10161740;3273
13626460;3274
9844694;3275
29753665;3276
12457591;3277
31869304;3278
32071705;3279
17236312;3280
6363461;3281
23305451;3282
23342743;3283
17913525;3284
10390874;3285
10098865;3286
35063723;3287
6421990;3288
18717248;3289
17888114;3290
10299693;3291
28253955;3292
16140785;3293
13377930;3294
35200944;3295
13616261;3296
5956541;3297
35062270;3298
9438428;3299
18341991;3300
33949476;3301
21471527;3302
30738808;3303
10472708;3304
1812661;3305
28104237;3306
11882850;3307
35075658;3308
17619922;3309
8294865;3310
2107824;3311
22081603;3312
26571771;3313
18803041;3314
26116859;3315
9843283;3316
26020655;3317
2655693;3318
17436011;3319
9427007;3320
13493727;3321
28248780;3322
34101002;3323
1841669;3324
29066539;3325
20621689;3326
26234411;3327
10307547;3328
26108482;3329
25491310;3330
33359540;3331
32698831;3332
23157619;3333
8521282;3334
12678028;3335
10539094;3336
11607724;3337
17376363;3338
19105034;3339
29437509;3340
31706976;3341
31183451;3342
19028392;3343
23383420;3344
13807635;3345
18723766;3346
6369983;3347
33357425;3348
15779145;3349
12936400;3350
2099342;3351
20872216;3352
22663711;3353
17466016;3354
8284715;3355
24242188;3356
23430987;3357
25396269;3358
25396265;3359
28467768;3360
18748450;3361
18396433;3362
22620339;3363
29761697;3364
8015389;3365
31835029;3366
25439667;3367
35300659;3368
6396376;3369
2392113;3370
18720664;3371
6177703;3372
8548263;3373
17405957;3374
2354876;3375
26230944;3376
28802068;3377
11335775;3378
33119314;3379
18333425;3380
18589888;3381
18884707;3382
17724635;3383
22173446;3384
6218940;3385
1841723;3386
31297753;3387
15767035;3388
20657238;3389
34527268;3390
31304529;3391
28006793;3392
10481511;3393
1720750;3394
34145464;3395
26534416;3396
25823422;3397
25969109;3398
28106164;3399
27879572;3400
11348307;3401
34730358;3402
15786013;3403
12577592;3404
35954364;3405
1894331;3406
31866630;3407
13445424;3408
6965403;3409
35249598;3410
30986989;3411
34624003;3412
13007473;3413
9211201;3414
35665110;3415
3244048;3416
13016673;3417
21565601;3418
29906133;3419
29223231;3420
13108184;3421
24484836;3422
25720523;3423
25464322;3424
29094306;3425
16079459;3426
13184111;3427
23162856;3428
25401757;3429
4498753;3430
13189978;3431
18245261;3432
33554369;3433
7480457;3434
6944728;3435
18301287;3436
23715478;3437
15755167;3438
17666768;3439
4708307;3440
27511220;3441
25141444;3442
15844095;3443
22012476;3444
35570940;3445
26856403;3446
1720749;3447
13633051;3448
28341729;3449
17979887;3450
24830185;3451
7617211;3452
20753426;3453
19070370;3454
14761997;3455
16114119;3456
34857511;3457
7232473;3458
13560522;3459
13636812;3460
28168771;3461
6784879;3462
6090727;3463
9692573;3464
32872526;3465
13589208;3466
6119761;3467
33545514;3468
4647933;3469
9579912;3470
29552414;3471
16051990;3472
17732720;3473
33889309;3474
17227896;3475
6139732;3476
6367141;3477
12389565;3478
18870056;3479
30094455;3480
20939119;3481
35674650;3482
30255829;3483
28479392;3484
12243356;3485
9727991;3486
7538405;3487
17734938;3488
18490419;3489
6433866;3490
18751690;3491
8422869;3492
32607172;3493
17911338;3494
10787117;3495
8378111;3496
11681981;3497
11681987;3498
25766833;3499
19541875;3500
36407928;3501
13424626;3502
6442824;3503
31559239;3504
15983759;3505
20661877;3506
26840664;3507
4409336;3508
22864577;3509
13577408;3510
6563886;3511
27225830;3512
29867906;3513
35125025;3514
7830062;3515
25546996;3516
25408593;3517
1904724;3518
28423811;3519
25972883;3520
12281270;3521
20701783;3522
17879863;3523
7694018;3524
12870175;3525
34372597;3526
18744101;3527
13631218;3528
7636073;3529
18715866;3530
13068993;3531
12720703;3532
6556221;3533
28440086;3534
6754863;3535
8024478;3536
22535368;3537
24025721;3538
10282051;3539
13480437;3540
6120230;3541
17403826;3542
34519200;3543
26834713;3544
25780113;3545
33237425;3546
34872649;3547
6558614;3548
28439784;3549
14289625;3550
13118514;3551
25766259;3552
25955343;3553
23128828;3554
1836316;3555
18776774;3556
5261936;3557
4444953;3558
25795642;3559
6477874;3560
17571153;3561
25976012;3562
20617747;3563
4470659;3564
15733875;3565
30846378;3566
13549666;3567
1809917;3568
33811709;3569
28429312;3570
4521722;3571
25332532;3572
8213698;3573
1851890;3574
18044310;3575
18248325;3576
30345269;3577
15748582;3578
20316903;3579
17978022;3580
16091798;3581
8491507;3582
15785910;3583
12099510;3584
8480204;3585
17926576;3586
16095506;3587
17887047;3588
32605262;3589
6479608;3590
24769601;3591
6478055;3592
6478057;3593
13318809;3594
34805143;3595
30026572;3596
34063621;3597
20428759;3598
2359419;3599
21532557;3600
7712799;3601
34220171;3602
2024511;3603
16099303;3604
26110785;3605
4501440;3606
33151710;3607
7797740;3608
25023985;3609
30049834;3610
5966689;3611
4614878;3612
7697289;3613
34305997;3614
9033572;3615
17227261;3616
18372919;3617
20814957;3618
6545115;3619
29956847;3620
1114237;3621
29422654;3622
20493592;3623
6430768;3624
25705442;3625
4439762;3626
31410387;3627
17725893;3628
13148392;3629
7076244;3630
16192719;3631
18273640;3632
9668155;3633
18747702;3634
3358915;3635
34234778;3636
29753229;3637
29708875;3638
16282135;3639
12163444;3640
1904956;3641
17161472;3642
16065964;3643
7443697;3644
35270701;3645
23600137;3646
6367094;3647
34587406;3648
11517442;3649
30355732;3650
24792507;3651
31924788;3652
15747703;3653
6039746;3654
18524507;3655
6687285;3656
17332689;3657
32313378;3658
16066385;3659
25069408;3660
17227235;3661
28496118;3662
6390132;3663
29475868;3664
18054019;3665
35148569;3666
19261091;3667
12729797;3668
14760896;3669
29958152;3670
27865302;3671
8199479;3672
13508278;3673
31302113;3674
35721077;3675
13680903;3676
7705916;3677
23396785;3678
34334477;3679
26943895;3680
33906212;3681
31831032;3682
10101442;3683
13515700;3684
11093954;3685
21415031;3686
30285814;3687
15699537;3688
32141777;3689
10873309;3690
35268911;3691
20782751;3692
32718258;3693
34002299;3694
26112272;3695
24205298;3696
4587281;3697
27154105;3698
13489957;3699
30758760;3700
20656031;3701
6672515;3702
11088009;3703
17406307;3704
13565401;3705
4460116;3706
16078244;3707
35444840;3708
11785498;3709
13219130;3710
20936973;3711
33565837;3712
18757860;3713
25655680;3714
9103040;3715
34728664;3716
15771966;3717
18619579;3718
17853480;3719
6556128;3720
6052057;3721
34369539;3722
6998046;3723
18108479;3724
28230722;3725
27304148;3726
1065587;3727
6025256;3728
12450057;3729
18490842;3730
8575171;3731
35103236;3732
35236036;3733
26049611;3734
6430755;3735
18365308;3736
30840079;3737
28440638;3738
20802798;3739
15996380;3740
3064481;3741
20986213;3742
27202209;3743
12950218;3744
17164522;3745
18172072;3746
11335712;3747
33819169;3748
15742684;3749
11553553;3750
26136525;3751
29504058;3752
28550188;3753
24168326;3754
16005756;3755
6476140;3756
34118627;3757
10255144;3758
23586884;3759
18048778;3760
6961326;3761
25407919;3762
8714932;3763
34640272;3764
29918981;3765
29414861;3766
29471586;3767
31839592;3768
22921131;3769
28794548;3770
7599314;3771
6184516;3772
6554016;3773
18744045;3774
6475554;3775
29409166;3776
23464206;3777
24377757;3778
5987917;3779
1809754;3780
29616571;3781
33985171;3782
24962367;3783
13409944;3784
25310195;3785
36223574;3786
26140679;3787
32500567;3788
17368721;3789
7888300;3790
6349133;3791
18751829;3792
17899129;3793
34734528;3794
18126760;3795
26006278;3796
9657620;3797
23450415;3798
25833617;3799
27779005;3800
18480625;3801
29095528;3802
7839063;3803
18756383;3804
32025399;3805
2162324;3806
18712285;3807
29073086;3808
17154869;3809
35907791;3810
22317655;3811
15723065;3812
18631711;3813
13639017;3814
17794956;3815
6055162;3816
6163050;3817
13020819;3818
9621112;3819
6480830;3820
20872381;3821
13061817;3822
24104797;3823
32493802;3824
7152899;3825
24713763;3826
31138410;3827
29964993;3828
10573959;3829
9684265;3830
1947952;3831
32600680;3832
27230940;3833
23111234;3834
25699869;3835
33006704;3836
34939520;3837
11082371;3838
28429710;3839
3211273;3840
14739711;3841
12568411;3842
10169196;3843
21800237;3844
6184472;3845
6522241;3846
17379972;3847
31183456;3848
30367478;3849
1451628;3850
7723295;3851
29488484;3852
11983994;3853
18464183;3854
13569902;3855
22047595;3856
31181743;3857
15824506;3858
8507457;3859
18652065;3860
20317499;3861
6396079;3862
34328844;3863
1711689;3864
27217242;3865
18737470;3866
31828834;3867
25823263;3868
12975567;3869
27841678;3870
17975068;3871
6494437;3872
21403281;3873
24745481;3874
23478109;3875
8506634;3876
15712226;3877
35883380;3878
1812863;3879
27421687;3880
15705775;3881
32711356;3882
2308190;3883
2737076;3884
35711909;3885
4480034;3886
31540369;3887
33968360;3888
7697093;3889
23472969;3890
4782648;3891
18816682;3892
28597787;3893
30738883;3894
27412733;3895
25350745;3896
30510236;3897
13598854;3898
13557840;3899
35073196;3900
3578216;3901
2161325;3902
17898994;3903
22118697;3904
20564646;3905
7000700;3906
17860030;3907
29608122;3908
13518420;3909
6438238;3910
23346192;3911
7862918;3912
18046123;3913
25503458;3914
17205166;3915
6668292;3916
33645156;3917
13011254;3918
7096290;3919
7748619;3920
31449795;3921
35278776;3922
16046093;3923
17859997;3924
28627284;3925
16045221;3926
35831352;3927
34946879;3928
10697508;3929
25897024;3930
12958881;3931
24850980;3932
34314092;3933
12432218;3934
13645293;3935
17986219;3936
27211372;3937
35785615;3938
13420303;3939
27271425;3940
21823600;3941
18273647;3942
18751837;3943
18053578;3944
6583498;3945
25290018;3946
22618910;3947
32852071;3948
36291985;3949
6541867;3950
20657084;3951
7278826;3952
31180788;3953
13016624;3954
10812773;3955
6750039;3956
20345624;3957
1904861;3958
25644171;3959
16004259;3960
27468652;3961
18468441;3962
12647262;3963
3454363;3964
23970510;3965
24950072;3966
5895010;3967
7919974;3968
6361353;3969
35224769;3970
1850742;3971
12252111;3972
7445172;3973
6527370;3974
36095973;3975
10534427;3976
11358681;3977
18743935;3978
20748598;3979
17304129;3980
12169412;3981
27241750;3982
22303618;3983
1552798;3984
8050016;3985
2631490;3986
2631497;3987
9452482;3988
6105935;3989
11275889;3990
30054591;3991
23353255;3992
20647397;3993
34036477;3994
32614885;3995
9832701;3996
16110130;3997
9523533;3998
13573944;3999
28446257;4000
34597368;4001
30632689;4002
30161025;4003
18482824;4004
21461624;4005
31437591;4006
8078035;4007
35261173;4008
13632220;4009
15710270;4010
34483939;4011
1607247;4012
24232842;4013
31950564;4014
16169114;4015
29238079;4016
1810084;4017
15433291;4018
24801351;4019
7080344;4020
13450933;4021
25570534;4022
29767620;4023
15739129;4024
9853789;4025
6053179;4026
35406693;4027
33626662;4028
17887202;4029
7981760;4030
10527702;4031
16136967;4032
6582417;4033
16006529;4034
6477794;4035
13414694;4036
32607094;4037
15817995;4038
22741988;4039
13418633;4040
35139371;4041
22310904;4042
6472278;4043
3459913;4044
10631781;4045
12280251;4046
12857177;4047
13412360;4048
7462301;4049
31526014;4050
26089858;4051
2643169;4052
16040002;4053
19341265;4054
23499026;4055
13506991;4056
30522221;4057
28198617;4058
12124825;4059
13428024;4060
31867344;4061
6424320;4062
13453636;4063
25420690;4064
7704482;4065
25731446;4066
2729881;4067
32792621;4068
26198791;4069
9461288;4070
6902295;4071
8128324;4072
31198643;4073
25463237;4074
29569640;4075
6466596;4076
6466591;4077
29615715;4078
1809712;4079
17931341;4080
11430627;4081
11430629;4082
12918807;4083
1762324;4084
17201393;4085
31328607;4086
12412693;4087
6343770;4088
34863849;4089
19231995;4090
12370703;4091
2094247;4092
11480769;4093
5978722;4094
6349869;4095
26705237;4096
35698803;4097
25832802;4098
6557964;4099
29870371;4100
18749519;4101
25617232;4102
23435407;4103
8510623;4104
28524165;4105
24913245;4106
11153702;4107
32325008;4108
9415083;4109
9415088;4110
30982647;4111
1823827;4112
11541330;4113
2094822;4114
11730023;4115
2024507;4116
11977822;4117
1607259;4118
1904868;4119
6739588;4120
3881147;4121
21526038;4122
13490657;4123
34313235;4124
30810148;4125
10481797;4126
30235283;4127
22002127;4128
1127176;4129
23603014;4130
6472250;4131
13628033;4132
26020437;4133
25293624;4134
6696533;4135
29504132;4136
1053381;4137
13445265;4138
31916539;4139
35502018;4140
35824611;4141
23995911;4142
15705753;4143
35716886;4144
13091024;4145
15703669;4146
16170691;4147
16170694;4148
5898184;4149
1360915;4150
25267491;4151
25687063;4152
20310009;4153
3662311;4154
18196511;4155
13453304;4156
15752161;4157
10000794;4158
4466087;4159
28250529;4160
11552858;4161
7198227;4162
18628451;4163
20743774;4164
3289776;4165
26703024;4166
13338496;4167
27271979;4168
29481863;4169
32869592;4170
28763860;4171
7335922;4172
35556424;4173
31785760;4174
20657273;4175
28664343;4176
26097320;4177
3241010;4178
36342752;4179
17205723;4180
7669915;4181
11112591;4182
25500267;4183
25830113;4184
18773558;4185
1836674;4186
29357483;4187
1811146;4188
18631639;4189
12381219;4190
17415403;4191
8600635;4192
35898565;4193
28779433;4194
22044847;4195
7494792;4196
17928087;4197
18077667;4198
29484680;4199
28104037;4200
4479015;4201
21800193;4202
29631929;4203
13090993;4204
19548562;4205
9584572;4206
11165745;4207
35850121;4208
26791939;4209
17203972;4210
34209135;4211
18517011;4212
23016871;4213
2108179;4214
33147198;4215
18718938;4216
16046776;4217
11440682;4218
24028771;4219
29970369;4220
7490473;4221
17229205;4222
18144532;4223
22460758;4224
13101266;4225
35393452;4226
30167961;4227
28002934;4228
31365960;4229
7110056;4230
35541697;4231
16150895;4232
17203688;4233
6508271;4234
17235849;4235
5987972;4236
36076103;4237
25976006;4238
17316857;4239
18002031;4240
22825825;4241
11438126;4242
18464334;4243
8019004;4244
33783143;4245
18277608;4246
27239712;4247
8495647;4248
6404709;4249
25092935;4250
13597891;4251
17378448;4252
23310300;4253
16181726;4254
18111192;4255
7467378;4256
12414432;4257
34351822;4258
27424192;4259
35496607;4260
20307020;4261
4469001;4262
31551767;4263
25098127;4264
15846829;4265
10337086;4266
33496574;4267
4495654;4268
25569289;4269
25370307;4270
28635643;4271
25741955;4272
23256929;4273
15766568;4274
16205916;4275
31131864;4276
20985754;4277
35126846;4278
6433425;4279
31431522;4280
7683455;4281
18241090;4282
27399945;4283
24674873;4284
25046658;4285
6340847;4286
11818727;4287
34609854;4288
13423525;4289
20409626;4290
1905110;4291
24614973;4292
16146787;4293
10001690;4294
6343854;4295
2448344;4296
28591135;4297
8511224;4298
35687513;4299
6666507;4300
24559281;4301
29519409;4302
33397224;4303
6766301;4304
8440623;4305
8449626;4306
33837400;4307
18142628;4308
7486182;4309
28258378;4310
16567786;4311
16159898;4312
28184530;4313
5945479;4314
14289634;4315
17259657;4316
9629536;4317
4460688;4318
13516122;4319
2696239;4320
29616650;4321
35613205;4322
1176131;4323
17206799;4324
33125574;4325
17341497;4326
33625721;4327
10377473;4328
13568832;4329
7330869;4330
7889335;4331
36325218;4332
34735600;4333
28590864;4334
10354807;4335
6064509;4336
27433057;4337
17730516;4338
32304366;4339
25872950;4340
9728509;4341
17570897;4342
32715179;4343
25083848;4344
25726954;4345
9489407;4346
17343339;4347
11745801;4348
22758695;4349
4565266;4350
23944897;4351
6105296;4352
22931036;4353
32050015;4354
7698271;4355
19087267;4356
16041708;4357
4364150;4358
17884201;4359
13563913;4360
25099598;4361
26189432;4362
35855419;4363
26020360;4364
4466694;4365
16085936;4366
31438920;4367
32734028;4368
36167688;4369
23553624;4370
29353272;4371
28936477;4372
6751486;4373
1892746;4374
10222937;4375
6615991;4376
23635085;4377
22882896;4378
17985910;4379
22752393;4380
10481681;4381
7770156;4382
22109872;4383
29539304;4384
18771401;4385
22873746;4386
26073457;4387
33816581;4388
31439166;4389
28429803;4390
3996250;4391
30048792;4392
20662649;4393
7941396;4394
35377805;4395
1829461;4396
10262965;4397
9856847;4398
17570978;4399
17203285;4400
17407539;4401
23887334;4402
13112131;4403
30719089;4404
10398617;4405
9634870;4406
9461086;4407
6419194;4408
34823566;4409
15778319;4410
4471007;4411
7179414;4412
22575077;4413
18363419;4414
17787942;4415
3497995;4416
26227979;4417
12411711;4418
23525222;4419
7506220;4420
6357601;4421
23449624;4422
33370591;4423
18248810;4424
16041559;4425
9828227;4426
12185521;4427
25023309;4428
24717919;4429
7142146;4430
22738200;4431
1811579;4432
18592700;4433
28821035;4434
6399822;4435
29986082;4436
7999664;4437
34943227;4438
22616875;4439
1876642;4440
27271936;4441
15702325;4442
31557138;4443
23351703;4444
23005644;4445
17562159;4446
32931301;4447
4604161;4448
1821125;4449
17924955;4450
13131833;4451
25047356;4452
13515358;4453
17282511;4454
26669938;4455
23151453;4456
17381633;4457
17386871;4458
13496440;4459
27395645;4460
7179223;4461
28791691;4462
2748925;4463
23509546;4464
25644331;4465
33124872;4466
4468819;4467
24993324;4468
24622204;4469
31509091;4470
1837781;4471
18695168;4472
18375120;4473
13080280;4474
22022172;4475
15768174;4476
25619976;4477
13215991;4478
9726146;4479
16044348;4480
309155;4481
34389663;4482
6310336;4483
18343392;4484
7123659;4485
28463255;4486
17826743;4487
25109397;4488
17184421;4489
23509985;4490
20436281;4491
6379753;4492
9651511;4493
23015496;4494
24848835;4495
21402715;4496
10787086;4497
14062134;4498
24949916;4499
12717202;4500
17791946;4501
9186753;4502
17877815;4503
11145973;4504
16098979;4505
25705407;4506
25725740;4507
13571615;4508
20738488;4509
25686086;4510
13628803;4511
17160435;4512
6334329;4513
1836039;4514
8294901;4515
14741087;4516
2747296;4517
34095113;4518
4604108;4519
7455808;4520
24514333;4521
9773612;4522
12646387;4523
13557432;4524
25975722;4525
23685897;4526
14906125;4527
12307491;4528
21798585;4529
36000327;4530
28791974;4531
6891561;4532
23494873;4533
7186331;4534
21839860;4535
25678245;4536
8845395;4537
17227485;4538
30066538;4539
18104423;4540
4564984;4541
17725667;4542
26864568;4543
17265057;4544
32890614;4545
36062375;4546
20744388;4547
5926223;4548
29610735;4549
6516123;4550
6516121;4551
25201027;4552
35280962;4553
25326440;4554
16450395;4555
13130970;4556
6709998;4557
29527645;4558
18301647;4559
24825298;4560
26705115;4561
17789106;4562
17375352;4563
20493507;4564
16117092;4565
11517460;4566
26545102;4567
19231529;4568
4565028;4569
7950453;4570
30278772;4571
25838055;4572
18333215;4573
35167025;4574
32812567;4575
29741500;4576
24118430;4577
32813559;4578
20804085;4579
21873164;4580
13486866;4581
18761455;4582
17445521;4583
17911727;4584
28093616;4585
13562821;4586
34073888;4587
20690877;4588
33300060;4589
28390562;4590
2414582;4591
18108380;4592
34848453;4593
22011325;4594
13633512;4595
12866539;4596
13549240;4597
28451933;4598
10438508;4599
12135100;4600
35542049;4601
3881126;4602
31115777;4603
29984954;4604
22711734;4605
18656970;4606
31214245;4607
7795746;4608
13492249;4609
6549699;4610
11200016;4611
36325259;4612
7887202;4613
4492947;4614
15853671;4615
13241338;4616
4444951;4617
29800439;4618
20876552;4619
13085261;4620
10826491;4621
25726919;4622
2693399;4623
28245729;4624
18743631;4625
1607293;4626
30299347;4627
8536048;4628
30278836;4629
11490293;4630
12281442;4631
17927111;4632
22596256;4633
18333336;4634
21814325;4635
35009421;4636
12639781;4637
1829266;4638
16042472;4639
13369968;4640
13438169;4641
24673301;4642
30114877;4643
32516448;4644
25755504;4645
33832063;4646
6533233;4647
25167776;4648
22022953;4649
21523598;4650
28505934;4651
6369567;4652
22310432;4653
11457076;4654
13409988;4655
13409980;4656
29217928;4657
11229445;4658
16061323;4659
29076739;4660
20744317;4661
18042047;4662
17840997;4663
13089302;4664
11348417;4665
29409774;4666
25119357;4667
13539821;4668
4498838;4669
1821766;4670
3232647;4671
17335931;4672
28178410;4673
4731578;4674
6499007;4675
25603295;4676
22457609;4677
17733654;4678
32995884;4679
9461124;4680
17981493;4681
25939732;4682
9187060;4683
6361374;4684
22025769;4685
25544648;4686
28186972;4687
17207777;4688
26105398;4689
6998793;4690
4440074;4691
6512490;4692
6345548;4693
30073664;4694
6318371;4695
15340082;4696
28591516;4697
23307782;4698
18247983;4699
12183205;4700
31361082;4701
34413276;4702
34832786;4703
32945738;4704
16162337;4705
7631216;4706
25010252;4707
34822165;4708
25804834;4709
17302837;4710
29115036;4711
17255666;4712
31114554;4713
34852224;4714
30367829;4715
9671924;4716
13324526;4717
35954479;4718
8119735;4719
16032864;4720
15939542;4721
34609874;4722
13449597;4723
22836074;4724
20317450;4725
10705182;4726
4468102;4727
4493039;4728
13374072;4729
25030231;4730
29491596;4731
13481597;4732
15749424;4733
7760610;4734
17401156;4735
30124326;4736
28224999;4737
6121618;4738
31866171;4739
31554633;4740
24475328;4741
32799604;4742
34865926;4743
25358704;4744
15747850;4745
12230236;4746
15744959;4747
18482858;4748
17181540;4749
33868472;4750
30987355;4751
35917688;4752
8483957;4753
10326265;4754
18136220;4755
5111318;4756
20956931;4757
13511594;4758
6363219;4759
26792194;4760
17283010;4761
16060563;4762
13094881;4763
7506386;4764
27811301;4765
5949195;4766
12666757;4767
35824447;4768
17235432;4769
31143578;4770
25243969;4771
1610634;4772
6316377;4773
17786890;4774
28097413;4775
9589771;4776
3597767;4777
13482020;4778
15822190;4779
1817256;4780
6295138;4781
10927860;4782
35496810;4783
30816098;4784
13507035;4785
4098595;4786
25087169;4787
25699778;4788
13058613;4789
6884131;4790
25036141;4791
31940377;4792
33798558;4793
15769866;4794
28602838;4795
15740743;4796
1812673;4797
34438829;4798
28525429;4799
23400172;4800
34761517;4801
8600752;4802
5227135;4803
35616200;4804
25803860;4805
16179583;4806
33617214;4807
9293272;4808
17909959;4809
23290912;4810
34038051;4811
30976337;4812
35005401;4813
7674103;4814
25735959;4815
13268196;4816
11965728;4817
17285112;4818
30073698;4819
4617430;4820
13588846;4821
27337991;4822
14761330;4823
25779544;4824
17155652;4825
18856374;4826
15721561;4827
22742225;4828
20517932;4829
36272290;4830
9950747;4831
16146731;4832
14777016;4833
2092723;4834
4436737;4835
28931073;4836
27234722;4837
2058699;4838
28645066;4839
25046459;4840
18077315;4841
35965997;4842
30048268;4843
30067252;4844
2361468;4845
35962196;4846
34314003;4847
23434974;4848
16041586;4849
18241274;4850
5014701;4851
11114328;4852
29079403;4853
29876102;4854
34825506;4855
28927278;4856
18534453;4857
35496539;4858
8546134;4859
4350205;4860
2729882;4861
2729884;4862
29351015;4863
18669602;4864
25406154;4865
23751890;4866
2112744;4867
35541995;4868
11671366;4869
11479133;4870
35294795;4871
29072393;4872
33142511;4873
24992895;4874
3931155;4875
3931156;4876
9914301;4877
28245765;4878
32937132;4879
6785141;4880
27999194;4881
18173024;4882
28672669;4883
34170060;4884
33837277;4885
12991250;4886
31431755;4887
34819799;4888
1152845;4889
12166577;4890
16120274;4891
8161283;4892
6475486;4893
13422645;4894
17154901;4895
7715298;4896
6731533;4897
17313714;4898
13519293;4899
32616613;4900
18710365;4901
12958177;4902
18375492;4903
23560141;4904
8615779;4905
6588385;4906
9726529;4907
18780929;4908
6459581;4909
33836022;4910
27561654;4911
30748282;4912
34730360;4913
11108962;4914
7825433;4915
28411212;4916
24989230;4917
35133413;4918
10783608;4919
16126209;4920
7005472;4921
1786141;4922
18301326;4923
16163058;4924
4586488;4925
9677529;4926
17914309;4927
24868431;4928
7765020;4929
12738342;4930
23568753;4931
17928449;4932
29617274;4933
35964272;4934
35908251;4935
17724641;4936
15850330;4937
2063638;4938
23488991;4939
17732577;4940
10370726;4941
4343703;4942
24501527;4943
28675655;4944
33831788;4945
10345227;4946
10098818;4947
7996014;4948
22237557;4949
17449263;4950
22453396;4951
26879954;4952
22052556;4953
7923725;4954
6386567;4955
6386563;4956
13103048;4957
33372280;4958
15700855;4959
35280815;4960
18039521;4961
29436502;4962
17255527;4963
23451266;4964
20492988;4965
29958744;4966
34838263;4967
25139147;4968
25300719;4969
16122516;4970
15774606;4971
34313181;4972
23500081;4973
34465623;4974
27259931;4975
9297655;4976
13043683;4977
16108440;4978
28016499;4979
36202604;4980
34658007;4981
17842129;4982
28178578;4983
1809122;4984
1809126;4985
16110834;4986
12097660;4987
13410534;4988
24702961;4989
13541741;4990
13486081;4991
34225667;4992
14884300;4993
28585141;4994
19399506;4995
26818586;4996
31950291;4997
12450063;4998
9444461;4999
10071134;5000
12436357;5001
6561048;5002
16205681;5003
23153745;5004
22889338;5005
23274239;5006
18376618;5007
8120004;5008
29920706;5009
4492913;5010
13540151;5011
12548267;5012
35452722;5013
36141940;5014
9272503;5015
6663052;5016
23389646;5017
9974231;5018
29394353;5019
13328916;5020
15732829;5021
16044045;5022
8483189;5023
25412780;5024
18364392;5025
1817145;5026
18075457;5027
3572349;5028
34440073;5029
35452754;5030
7538290;5031
29451052;5032
27260731;5033
13519495;5034
7667643;5035
34703200;5036
13504710;5037
20612599;5038
34973032;5039
16040397;5040
7825953;5041
7426525;5042
35034592;5043
25617353;5044
31837443;5045
19106566;5046
17255040;5047
15996184;5048
25195069;5049
24682637;5050
13646817;5051
31673238;5052
36166061;5053
18745913;5054
35108080;5055
32665716;5056
17704950;5057
13084905;5058
34808034;5059
30329162;5060
2193223;5061
2193224;5062
9673459;5063
35170766;5064
6367132;5065
25610923;5066
5479162;5067
18744130;5068
13548344;5069
24578019;5070
16170604;5071
32704412;5072
23251072;5073
23251074;5074
35271215;5075
25320490;5076
18046835;5077
29391220;5078
2631502;5079
17407389;5080
23572161;5081
22396601;5082
17928049;5083
7432795;5084
9561015;5085
34735879;5086
9657218;5087
22031891;5088
3257817;5089
25348478;5090
15810233;5091
6518154;5092
1904832;5093
25493514;5094
31201179;5095
22752645;5096
24719668;5097
23153224;5098
22022011;5099
7196262;5100
36115401;5101
23454522;5102
27422139;5103
29151508;5104
25500268;5105
24624354;5106
3339159;5107
32854051;5108
36260328;5109
34839728;5110
6486758;5111
23400293;5112
31346910;5113
28366275;5114
23059959;5115
10057983;5116
28809318;5117
9891509;5118
5926755;5119
35034491;5120
7749858;5121
13353640;5122
29754834;5123
22351178;5124
4446305;5125
28462914;5126
11933547;5127
10834703;5128
15711819;5129
29794573;5130
16119316;5131
10419961;5132
20442967;5133
17978710;5134
30226816;5135
19261134;5136
35597408;5137
6478049;5138
17660925;5139
25771741;5140
13255891;5141
6409373;5142
27259861;5143
30980875;5144
17264204;5145
34119700;5146
27257670;5147
35463656;5148
12857154;5149
30168396;5150
7704432;5151
18103601;5152
9565726;5153
34843515;5154
18779259;5155
24941479;5156
25491324;5157
27070673;5158
12410993;5159
15791419;5160
10491409;5161
25699913;5162
12473559;5163
30190890;5164
27448352;5165
26032009;5166
6364182;5167
12183567;5168
33994288;5169
11006986;5170
29155099;5171
32572149;5172
4598664;5173
35069148;5174
29157978;5175
6859331;5176
17343151;5177
20342916;5178
12412359;5179
33956537;5180
25574961;5181
13639885;5182
13639883;5183
24751910;5184
12897162;5185
28197041;5186
12136472;5187
31132240;5188
25647979;5189
13451218;5190
32328972;5191
6361339;5192
31439379;5193
26108543;5194
22456827;5195
13648587;5196
5492629;5197
21794509;5198
57776;5199
2108205;5200
21532622;5201
22737957;5202
6105300;5203
7455167;5204
15772031;5205
25389542;5206
35108526;5207
22747474;5208
26174144;5209
25673369;5210
17557935;5211
35481526;5212
8461468;5213
34934883;5214
24853834;5215
17465879;5216
16148305;5217
2914763;5218
24389679;5219
4498869;5220
7081676;5221
34319385;5222
26846674;5223
23363700;5224
35613473;5225
34861060;5226
23502467;5227
22885485;5228
3598124;5229
13609602;5230
35665129;5231
18333394;5232
23285903;5233
6375535;5234
17887816;5235
2159714;5236
26056636;5237
12059642;5238
18246446;5239
28168129;5240
7871602;5241
25563974;5242
36392499;5243
7456025;5244
2102386;5245
8478543;5246
12684640;5247
28954660;5248
18776755;5249
21541676;5250
26072937;5251
28534976;5252
27425325;5253
26104050;5254
22059233;5255
28258294;5256
6788466;5257
33616805;5258
33867657;5259
18134569;5260
16204355;5261
18361236;5262
8372745;5263
34438096;5264
17725514;5265
28331984;5266
33672246;5267
13540489;5268
32729274;5269
30510573;5270
8083738;5271
27775957;5272
12388945;5273
34386150;5274
8518720;5275
6365527;5276
12307859;5277
6756339;5278
15723717;5279
11041240;5280
13154622;5281
34314593;5282
24841091;5283
29482143;5284
17910704;5285
27840454;5286
18307837;5287
23439053;5288
16141667;5289
16092038;5290
23198406;5291
20957789;5292
34662046;5293
13477887;5294
2699074;5295
13384538;5296
7455399;5297
6304599;5298
13243107;5299
1812785;5300
29616225;5301
30057376;5302
17879935;5303
34305535;5304
4503694;5305
6373830;5306
23484820;5307
16108264;5308
35624599;5309
18770603;5310
16165721;5311
29803772;5312
18481802;5313
13501082;5314
28493468;5315
26807900;5316
29916101;5317
11830126;5318
13487863;5319
30348262;5320
6907728;5321
27259660;5322
18686932;5323
26013447;5324
13568643;5325
25186794;5326
33626041;5327
7182019;5328
28569609;5329
2112613;5330
18456013;5331
10334871;5332
22736940;5333
18103338;5334
21870885;5335
22691588;5336
6472192;5337
26037857;5338
25956432;5339
7667650;5340
25526302;5341
35924625;5342
7788179;5343
25736101;5344
11202759;5345
17999062;5346
23204548;5347
34974246;5348
21935504;5349
28116485;5350
18187113;5351
17254540;5352
9298510;5353
12149779;5354
3687429;5355
27811830;5356
23562207;5357
30177114;5358
18659504;5359
15817790;5360
7455515;5361
22035674;5362
20737628;5363
6294491;5364
13611109;5365
25261310;5366
12029134;5367
28412188;5368
24303811;5369
17623421;5370
25642632;5371
538860;5372
2737046;5373
29612280;5374
25364916;5375
17375432;5376
7888950;5377
10050386;5378
17927397;5379
35383194;5380
33526966;5381
10451988;5382
8091599;5383
25427669;5384
6799240;5385
18365646;5386
17282328;5387
13477838;5388
22578579;5389
17209043;5390
22698336;5391
22698332;5392
11794398;5393
31741127;5394
31357785;5395
9589604;5396
13504075;5397
26798275;5398
6067052;5399
24957621;5400
17160446;5401
35406215;5402
29859644;5403
23592274;5404
34328726;5405
27809527;5406
17385124;5407
31869123;5408
25873856;5409
10372303;5410
17607744;5411
17668745;5412
25937071;5413
16114662;5414
13033534;5415
35211896;5416
2937780;5417
34315175;5418
13370525;5419
16032926;5420
33028443;5421
28953229;5422
23396890;5423
13504646;5424
35652319;5425
6430414;5426
3076861;5427
24276891;5428
15831921;5429
25350898;5430
8903038;5431
22044813;5432
17860582;5433
35958764;5434
24265282;5435
18305768;5436
35665903;5437
16096186;5438
29482126;5439
12184344;5440
20320940;5441
31425424;5442
20814312;5443
18809623;5444
30914385;5445
25395713;5446
36428844;5447
2737108;5448
6549711;5449
17834279;5450
23391289;5451
25170214;5452
10768732;5453
33868519;5454
6464412;5455
1876770;5456
17205179;5457
28184549;5458
15834516;5459
32308323;5460
22365044;5461
11407529;5462
30412533;5463
23499259;5464
11813728;5465
28692964;5466
13561703;5467
6506284;5468
32580447;5469
16136249;5470
33373438;5471
18918333;5472
15719119;5473
18661626;5474
6997803;5475
29914894;5476
33975107;5477
6929514;5478
6929511;5479
23521284;5480
30094135;5481
25574685;5482
6424272;5483
34513994;5484
17281342;5485
18185700;5486
17906141;5487
29616123;5488
13269131;5489
29539656;5490
29079223;5491
6430154;5492
10394998;5493
34051267;5494
6135620;5495
24323799;5496
6479736;5497
16103641;5498
16132850;5499
8521260;5500
34871555;5501
2024529;5502
22016621;5503
27205081;5504
6477680;5505
16152018;5506
7178589;5507
13416577;5508
23200839;5509
28464318;5510
19019129;5511
36329790;5512
17305187;5513
6473717;5514
13506682;5515
2472149;5516
13185654;5517
23340737;5518
26006289;5519
1711690;5520
18684870;5521
371372;5522
13488323;5523
20744240;5524
25751524;5525
12566909;5526
21466441;5527
29408903;5528
34697550;5529
26396378;5530
12376360;5531
25264194;5532
28694588;5533
11348397;5534
6095351;5535
6095356;5536
28505411;5537
25146076;5538
13224608;5539
6516217;5540
18218064;5541
6625435;5542
24903859;5543
29337907;5544
7214521;5545
31678762;5546
1607252;5547
33132212;5548
7362406;5549
10227169;5550
20436443;5551
34453638;5552
35613255;5553
28953454;5554
11028434;5555
17789462;5556
26009509;5557
34642552;5558
6366286;5559
15777780;5560
18323203;5561
20911410;5562
33497299;5563
7674736;5564
26231115;5565
18837196;5566
11368370;5567
6556117;5568
29508428;5569
24198619;5570
25855245;5571
6998018;5572
13058850;5573
35165066;5574
25506489;5575
8051218;5576
35955811;5577
17401507;5578
18113195;5579
23092030;5580
17239397;5581
13148391;5582
11909644;5583
22063409;5584
23122832;5585
17213355;5586
18193904;5587
22879915;5588
32809424;5589
6379130;5590
4838476;5591
13423953;5592
35785647;5593
18661162;5594
15754904;5595
27267400;5596
20759834;5597
35672600;5598
16067730;5599
23562052;5600
6087960;5601
18107509;5602
18395949;5603
17060039;5604
12963853;5605
30285921;5606
23006635;5607
35907359;5608
7764859;5609
32068315;5610
15738864;5611
17732733;5612
33783870;5613
17911698;5614
21528311;5615
20611547;5616
1815875;5617
23687010;5618
27154074;5619
22826134;5620
34876358;5621
22044819;5622
203023;5623
31841645;5624
18516971;5625
33953698;5626
32452948;5627
18305596;5628
32931035;5629
9570350;5630
11771638;5631
31344531;5632
7952152;5633
18751873;5634
6308005;5635
6376446;5636
17257133;5637
17571055;5638
36284266;5639
29409112;5640
29919719;5641
22814911;5642
12465754;5643
34594442;5644
5305474;5645
1127630;5646
8180460;5647
10459528;5648
10481787;5649
13615051;5650
28245785;5651
23280155;5652
8861531;5653
28284290;5654
25083908;5655
15756343;5656
28962007;5657
6512460;5658
7143510;5659
11081449;5660
17618198;5661
11402920;5662
16110312;5663
22719534;5664
12086099;5665
3886089;5666
20371515;5667
2737082;5668
16108360;5669
30630924;5670
35480563;5671
35406334;5672
28947622;5673
29495548;5674
1829591;5675
16102718;5676
24776958;5677
6724094;5678
18248198;5679
20660663;5680
17708113;5681
11436403;5682
4497717;5683
4497715;5684
10861433;5685
35574396;5686
29558401;5687
10575222;5688
13611535;5689
33013134;5690
12433487;5691
27269430;5692
13565002;5693
35336293;5694
18309376;5695
21841584;5696
22699747;5697
5978616;5698
5978610;5699
18044848;5700
6108852;5701
23763310;5702
15709444;5703
5261770;5704
32869580;5705
31365831;5706
11570351;5707
36180870;5708
22047157;5709
9591583;5710
18482032;5711
31774477;5712
22879905;5713
32050808;5714
20321187;5715
17205731;5716
6449156;5717
32992803;5718
6315122;5719
13449470;5720
28242325;5721
24448535;5722
8146634;5723
13242331;5724
34462542;5725
30649198;5726
13512526;5727
18479728;5728
31822751;5729
6962099;5730
4446389;5731
29744485;5732
31439468;5733
28117330;5734
9396943;5735
22049493;5736
9883524;5737
13629498;5738
13038067;5739
30625509;5740
25713352;5741
27791440;5742
9968790;5743
1918276;5744
18461294;5745
29624830;5746
35617974;5747
34454328;5748
19073359;5749
34959364;5750
20403456;5751
27879399;5752
33659535;5753
16168250;5754
25767531;5755
4586739;5756
7637062;5757
34835558;5758
25091643;5759
10486089;5760
35659040;5761
24479368;5762
13488225;5763
6499414;5764
24418124;5765
35170585;5766
29465279;5767
23556163;5768
35190752;5769
31356791;5770
26801246;5771
29965003;5772
435792;5773
31137870;5774
18335460;5775
20342624;5776
28946512;5777
1127386;5778
3913265;5779
18086212;5780
34948128;5781
12998033;5782
23523302;5783
12404096;5784
25739564;5785
30185855;5786
35131841;5787
24926370;5788
9682528;5789
33615205;5790
29425584;5791
7156608;5792
15846830;5793
1829434;5794
17790000;5795
20882871;5796
29508431;5797
32720852;5798
6945796;5799
29988400;5800
9501036;5801
8373043;5802
31425769;5803
28425992;5804
28047578;5805
28763655;5806
15795904;5807
12715587;5808
17902684;5809
31189091;5810
25610415;5811
22850711;5812
21395671;5813
4598698;5814
13254255;5815
18346383;5816
13148299;5817
13596689;5818
20939406;5819
6460831;5820
29747418;5821
16225128;5822
23353264;5823
25036158;5824
27468393;5825
13554439;5826
33623505;5827
22455618;5828
20698997;5829
17787098;5830
2115558;5831
25727778;5832
6891336;5833
6466719;5834
24760781;5835
8245018;5836
24909982;5837
35144276;5838
15996407;5839
27831286;5840
6095378;5841
29564933;5842
9642457;5843
1810055;5844
17411775;5845
33631955;5846
25345584;5847
17977140;5848
11098558;5849
34483972;5850
30899311;5851
18428829;5852
22842353;5853
18883741;5854
18630878;5855
13254847;5856
28268996;5857
33614666;5858
23293101;5859
13489558;5860
23636405;5861
8923229;5862
26704814;5863
18400773;5864
6057931;5865
12433514;5866
11945541;5867
30180393;5868
15849279;5869
17696999;5870
31915181;5871
13396913;5872
33842755;5873
13296102;5874
24484891;5875
30073774;5876
17832924;5877
35216392;5878
16076766;5879
6558825;5880
15728430;5881
33783838;5882
6477950;5883
20929875;5884
29545799;5885
10484382;5886
18625789;5887
20650468;5888
27323790;5889
22741122;5890
27419289;5891
10494546;5892
8617916;5893
25472466;5894
8265872;5895
19545644;5896
6472777;5897
34806866;5898
26008613;5899
28692937;5900
23429466;5901
1762319;5902
22211400;5903
15837753;5904
26834025;5905
12722362;5906
32072030;5907
25048688;5908
18340474;5909
13598764;5910
1610454;5911
11082104;5912
11290031;5913
22743633;5914
18709857;5915
27820010;5916
18901880;5917
30296046;5918
32729199;5919
31220065;5920
23750835;5921
25707726;5922
23666274;5923
13413959;5924
17672083;5925
28234416;5926
31135616;5927
4502365;5928
7669848;5929
28077249;5930
33643751;5931
11335669;5932
23751560;5933
16155435;5934
9850429;5935
15996657;5936
16136687;5937
17255084;5938
33001707;5939
23199866;5940
17898954;5941
14428880;5942
19532202;5943
36069344;5944
5896782;5945
13446402;5946
6599838;5947
18756368;5948
22086491;5949
4017635;5950
34839829;5951
34839820;5952
16039358;5953
2622147;5954
35015393;5955
28525877;5956
29409703;5957
19006275;5958
35114519;5959
34051761;5960
32672169;5961
31689668;5962
1904852;5963
15992508;5964
11377861;5965
26802520;5966
23215758;5967
30342923;5968
13572352;5969
10144961;5970
11153675;5971
32701095;5972
15724547;5973
31235425;5974
17405805;5975
4364429;5976
34824441;5977
13313223;5978
15729967;5979
5949433;5980
17788927;5981
13013434;5982
25955445;5983
24589952;5984
20622566;5985
1904841;5986
16133179;5987
9555236;5988
32867111;5989
13444815;5990
18149196;5991
26037345;5992
6784343;5993
6540809;5994
25140331;5995
13556584;5996
17263959;5997
32734734;5998
18165573;5999
16109374;6000
20946584;6001
13598829;6002
32063778;6003
6784409;6004
25491092;6005
23261310;6006
6381457;6007
15274575;6008
29610665;6009
20935736;6010
24908588;6011
26221228;6012
20757707;6013
9773410;6014
18926565;6015
33620464;6016
18361455;6017
36256842;6018
17153488;6019
35651403;6020
20812708;6021
31342613;6022
23400181;6023
16081027;6024
15297316;6025
33396646;6026
22247891;6027
25951358;6028
10807480;6029
4604138;6030
17887687;6031
17887683;6032
29350600;6033
14625215;6034
35240377;6035
17830784;6036
11223155;6037
29139563;6038
15754612;6039
24868784;6040
20752147;6041
12621360;6042
34957928;6043
28363595;6044
23270121;6045
1451627;6046
7178885;6047
18001149;6048
35427208;6049
9593409;6050
25678257;6051
24227681;6052
31677965;6053
33863238;6054
16070539;6055
28433829;6056
29541363;6057
25111637;6058
25329256;6059
34940670;6060
33860954;6061
34532276;6062
21566875;6063
17155606;6064
13064725;6065
23472419;6066
28391404;6067
23559866;6068
22724989;6069
16072507;6070
13648125;6071
5097468;6072
31387118;6073
25688046;6074
34855312;6075
7903710;6076
28668583;6077
23383443;6078
10494520;6079
16279832;6080
24107476;6081
32075621;6082
33654766;6083
10444118;6084
29779084;6085
30311798;6086
29354316;6087
9452672;6088
35272188;6089
28954402;6090
25462427;6091
18376229;6092
7996287;6093
10390735;6094
27773860;6095
18321259;6096
27828997;6097
2448377;6098
28381176;6099
34514142;6100
24848818;6101
22599630;6102
35598873;6103
2982517;6104
15790164;6105
17972916;6106
32987669;6107
6369557;6108
12328170;6109
13053380;6110
13514907;6111
34495861;6112
15723539;6113
35378620;6114
25815698;6115
17981816;6116
8310322;6117
1810013;6118
7179059;6119
19257057;6120
1875622;6121
6473945;6122
9639527;6123
29616353;6124
33606379;6125
27237119;6126
25277956;6127
28340450;6128
7437535;6129
6391709;6130
30012774;6131
16142721;6132
32495966;6133
35627113;6134
23156956;6135
18299436;6136
12712023;6137
6952604;6138
25568903;6139
9300642;6140
25547374;6141
26812830;6142
20347541;6143
13552162;6144
1905025;6145
18046375;6146
23592334;6147
13453035;6148
25609666;6149
25225306;6150
32315627;6151
12957005;6152
6090628;6153
19231635;6154
20319019;6155
32615940;6156
28010294;6157
13596810;6158
25250659;6159
24308206;6160
34179041;6161
17206186;6162
24205146;6163
1720517;6164
36362777;6165
6394122;6166
21532058;6167
18285026;6168
36368643;6169
17314049;6170
26014452;6171
13562086;6172
23437982;6173
17672767;6174
26147051;6175
18524643;6176
30007838;6177
36278021;6178
16110012;6179
7476606;6180
34299121;6181
1812595;6182
32607077;6183
28589466;6184
26087054;6185
30006339;6186
10591020;6187
8070228;6188
33655309;6189
16083142;6190
13132851;6191
25522597;6192
18211556;6193
26224699;6194
22067296;6195
26452992;6196
24789333;6197
16177182;6198
26836775;6199
25888531;6200
13177903;6201
34823259;6202
28551838;6203
28103099;6204
16074214;6205
34316898;6206
1692524;6207
33813145;6208
35218218;6209
18341667;6210
32603797;6211
1876829;6212
7662834;6213
15759974;6214
18587331;6215
28008357;6216
5999600;6217
13580623;6218
4586756;6219
23449891;6220
25503741;6221
6944249;6222
23568800;6223
20758501;6224
33830064;6225
10844848;6226
9820457;6227
13512724;6228
29913961;6229
13033719;6230
11099814;6231
36243128;6232
14739835;6233
30368269;6234
17725684;6235
10546286;6236
23358242;6237
25325942;6238
9774757;6239
2092578;6240
18460916;6241
4436504;6242
7639431;6243
11833860;6244
9522316;6245
16108946;6246
5978696;6247
6530924;6248
35913949;6249
18710737;6250
1817258;6251
18188852;6252
25469283;6253
8940718;6254
8585227;6255
20925824;6256
21858163;6257
25302361;6258
4539283;6259
34532809;6260
34655379;6261
8349786;6262
16235080;6263
33642021;6264
17876173;6265
15759791;6266
5984401;6267
7887670;6268
7887671;6269
25038571;6270
16092512;6271
4553794;6272
7467147;6273
20418455;6274
16283896;6275
25969301;6276
9566923;6277
13517095;6278
13396869;6279
20742144;6280
28693446;6281
27272956;6282
6899097;6283
31667430;6284
35015950;6285
3246130;6286
23182777;6287
17700292;6288
10128762;6289
25221767;6290
4501326;6291
29433002;6292
14741358;6293
33126878;6294
15849640;6295
26088563;6296
7577168;6297
29367715;6298
22744054;6299
33403153;6300
28003703;6301
18692838;6302
17202390;6303
6343878;6304
18394768;6305
7649569;6306
6986932;6307
34858091;6308
10257436;6309
16165439;6310
6467118;6311
10031518;6312
25500815;6313
7825600;6314
6387072;6315
12664203;6316
15851521;6317
6528362;6318
8249171;6319
36238212;6320
36370145;6321
8294956;6322
25707526;6323
29568227;6324
17416029;6325
29439504;6326
36319286;6327
29539351;6328
25975719;6329
8539603;6330
23172322;6331
29476501;6332
23704641;6333
31290754;6334
25549461;6335
32805704;6336
17931232;6337
15725072;6338
18206428;6339
23125399;6340
25210512;6341
14622313;6342
8114940;6343
34630732;6344
29976081;6345
3960727;6346
25766295;6347
22052235;6348
13377869;6349
7667517;6350
21806444;6351
20653101;6352
33986139;6353
28463918;6354
34939928;6355
36192024;6356
25939148;6357
28408637;6358
30337608;6359
13576229;6360
13580397;6361
11515420;6362
28525787;6363
18801352;6364
25250285;6365
33917157;6366
7153207;6367
8089338;6368
30824018;6369
20319663;6370
25196301;6371
13563683;6372
20986139;6373
12958823;6374
1128399;6375
9246078;6376
33540469;6377
9929153;6378
6994466;6379
17466034;6380
15797607;6381
28334676;6382
24789574;6383
17903389;6384
34834561;6385
16140462;6386
17831497;6387
16162974;6388
17401800;6389
25037726;6390
3281814;6391
20983326;6392
34094916;6393
28162851;6394
18747767;6395
13108813;6396
32811264;6397
18621900;6398
12372220;6399
17122308;6400
35269950;6401
4345816;6402
24028390;6403
28245774;6404
2645263;6405
2645265;6406
30546681;6407
7738928;6408
25208955;6409
25766272;6410
28020678;6411
22054751;6412
26226043;6413
16134224;6414
16134223;6415
33831695;6416
26008574;6417
28679191;6418
33771172;6419
7805463;6420
29242687;6421
17292905;6422
34199886;6423
22673092;6424
35433567;6425
31145797;6426
13489423;6427
16179036;6428
17677477;6429
29344301;6430
34810570;6431
17312393;6432
30048249;6433
12307908;6434
28381525;6435
35517864;6436
30139981;6437
7191664;6438
7464577;6439
18461014;6440
24673378;6441
11146632;6442
25211453;6443
6367090;6444
18300963;6445
24913194;6446
28549058;6447
33617365;6448
16137322;6449
34832974;6450
25643661;6451
28355654;6452
6747085;6453
17698454;6454
11926221;6455
23438088;6456
34841408;6457
10505110;6458
4257367;6459
2746498;6460
30754178;6461
18230351;6462
18758188;6463
20868229;6464
25512374;6465
7988979;6466
10928421;6467
33012577;6468
33868979;6469
17787877;6470
18459005;6471
16158588;6472
6567450;6473
34026331;6474
17410192;6475
11882777;6476
1789957;6477
15698783;6478
1720478;6479
18876419;6480
17337927;6481
6586472;6482
28525675;6483
10399641;6484
26848292;6485
34446151;6486
26104002;6487
6669706;6488
2010685;6489
28441154;6490
22008992;6491
25173915;6492
17280576;6493
17342901;6494
31674915;6495
33293115;6496
6430157;6497
21460588;6498
28053453;6499
18747862;6500
15800080;6501
17485862;6502
34752058;6503
18006324;6504
12535088;6505
11184984;6506
32053205;6507
11540463;6508
25670931;6509
16066435;6510
35619096;6511
6424653;6512
1127290;6513
23502433;6514
16005980;6515
17301860;6516
22436463;6517
12827714;6518
31915150;6519
4850774;6520
24150926;6521
19212566;6522
18340724;6523
28275535;6524
16041560;6525
12665881;6526
28435697;6527
12402763;6528
16103642;6529
18693225;6530
7943333;6531
35834192;6532
22396790;6533
16177431;6534
32047803;6535
34225679;6536
2112743;6537
22907772;6538
33297394;6539
34854071;6540
14061912;6541
33823711;6542
6899049;6543
6898295;6544
25670455;6545
13558176;6546
13552332;6547
28495681;6548
30087521;6549
33388922;6550
30731058;6551
1876696;6552
25293637;6553
23291340;6554
35832384;6555
11975357;6556
11094005;6557
34570863;6558
34853572;6559
4389281;6560
35214033;6561
9568518;6562
31699286;6563
20525317;6564
15810292;6565
16118560;6566
7832735;6567
12792649;6568
14289620;6569
31868148;6570
26865668;6571
20804700;6572
13597192;6573
11476494;6574
537619;6575
